sharedProductId,name,category,subcategory,description,currency,priceCUP,priceCandidatesCUP,priceStatus,reviewStatus,missingDetails,sourcePhotos,priceSourcePhotos,matchStatus,priorPending,approvedImage,imageStatus,publicationStatus,stock,saleMode,recordType,possibleExistingIds
southern-dry-roasted,Maní Southern Grove Dry Roasted,Frutos secos,Maní,Frasco con tapa azul,CUP,,[],missing,falta-precio,Precio y peso pendientes,"[""IMG_20261009_165556.jpg"", ""IMG_20261009_165547_1.jpg"", ""IMG_20261009_165551_1.jpg""]","[""IMG_20261009_165556.jpg""]",candidate-not-published,,,not-generated,not-published,,packaged-unit,product-candidate,"[""southern-dry-blue"", ""southern-dry-original""]"
kirkland-salted-mixed,Kirkland Extra Fancy Salted Mixed Nuts,Frutos secos,Mezclas,"Bolsa 1,13 kg",CUP,28000,[28000],direct,precio-visible,Revisar peso antes de publicar,"[""IMG_20261009_165602.jpg""]","[""IMG_20261009_165602.jpg""]",candidate-not-published,,,not-generated,not-published,,packaged-unit,product-candidate,
kirkland-unsalted-mixed,Kirkland Unsalted Mixed Nuts,Frutos secos,Mezclas,Bolsa,CUP,23000,[23000],direct,precio-visible,Peso pendiente,"[""IMG_20261009_165602.jpg""]","[""IMG_20261009_165602.jpg""]",candidate-not-published,,,not-generated,not-published,,packaged-unit,product-candidate,
kirkland-keto-mix,Kirkland Keto Snack Mix,Frutos secos,Mezclas,Bolsa 680 g,CUP,22000,[22000],direct,precio-visible,,"[""IMG_20261009_165602.jpg"", ""IMG_20261009_165604_1.jpg""]","[""IMG_20261009_165602.jpg"", ""IMG_20261009_165604_1.jpg""]",candidate-not-published,,,not-generated,not-published,,packaged-unit,product-candidate,
biena-edamame,Biena Edamame Himalayan Pink Salt,Frutos secos,Semillas y legumbres,Bolsa 510 g,CUP,12800,[12800],direct,precio-visible,Lectura ampliada12800,"[""IMG_20261009_165604_1.jpg"", ""IMG_20261009_165602.jpg""]","[""IMG_20261009_165604_1.jpg"", ""IMG_20261009_165602.jpg""]",candidate-not-published,,,not-generated,not-published,,packaged-unit,product-candidate,
pockets-almonds,Pocket's Chocolates Greek Yogurt & Dark Chocolate Coated Almonds,Frutos secos,Cubiertos de chocolate,"Bolsa de 30 paquetes individuales; peso total18,5oz",CUP,20500,[20500],direct,precio-visible,Precio del paquete grande; no por sobre,"[""IMG_20261009_165604_1.jpg""]","[""IMG_20261009_165604_1.jpg""]",candidate-not-published,,,not-generated,not-published,,packaged-unit,product-candidate,
monster-viking,Monster Juice Viking Berry,Bebidas,Energéticas,Lata rosa,CUP,,[3000],shared,confirmar-asociacion-precio,Cartel compartido con Pacific Punch,"[""IMG_20261009_165615.jpg""]","[""IMG_20261009_165615.jpg""]",candidate-not-published,,,not-generated,not-published,,packaged-unit,product-candidate,
monster-pacific,Monster Juice Pacific Punch,Bebidas,Energéticas,Lata amarilla,CUP,,[3000],shared,confirmar-asociacion-precio,Confirmar variante y volumen,"[""IMG_20261009_165615.jpg""]","[""IMG_20261009_165615.jpg""]",candidate-not-published,,,not-generated,not-published,,packaged-unit,product-candidate,
fattoria-guayaba,Néctar de guayaba Fattorie Crisci,Bebidas,Jugos y néctares,Botella de vidrio,CUP,660,[660],direct,precio-visible,Volumen pendiente,"[""IMG_20261009_165615.jpg""]","[""IMG_20261009_165615.jpg""]",candidate-not-published,,,not-generated,not-published,,packaged-unit,product-candidate,
cristal-botella,Cerveza Cristal,Bebidas,Cervezas,Botella de vidrio,CUP,1050,[1050],direct,precio-visible,Volumen pendiente,"[""IMG_20261009_165618.jpg""]","[""IMG_20261009_165618.jpg""]",candidate-not-published,,,not-generated,not-published,,packaged-unit,product-candidate,
unlaguer-330,Cerveza Unlaguer,Bebidas,Cervezas,Lata 330 mL;5% alc,CUP,620,[620],direct,precio-visible,Confirmar escritura exacta de marca antes de generar imagen,"[""IMG_20261009_165622.jpg"", ""IMG_20261009_170138.jpg""]","[""IMG_20261009_165622.jpg"", ""IMG_20261009_170138.jpg""]",candidate-not-published,,,not-generated,not-published,,packaged-unit,product-candidate,
delcampo-negros,Frijoles negros Del Campo,Alimentos,Granos,Bolsa de1lb,CUP,1600,[1600],direct,precio-visible,Variante distinta de los colorados publicados,"[""IMG_20261009_170003.jpg""]","[""IMG_20261009_170003.jpg""]",prior-pending,"{""sharedProductId"": ""delcampo-negros"", ""n"": ""Frijoles negros Del Campo"", ""sourcePhoto"": ""IMG_20261009_165949.jpg"", ""sourceImage"": ""/catalog-sources/IMG_20261009_165949.jpg"", ""status"": ""needs-review"", ""priceCandidatesCUP"": [1600], ""reason"": ""Etiqueta1600 bajo frijoles colorados; confirmar precio de negros1lb."", ""img"": null}",/products/real/delcampo-negros.webp,approved-reuse,published,,packaged-unit,product-candidate,
arroz-alfinete,Arroz blanco Alfinete,Alimentos,Arroz,Bolsa de1kg,CUP,1300,[1300],direct,precio-visible,,"[""IMG_20261009_170008.jpg"", ""IMG_20261009_170010.jpg""]","[""IMG_20261009_170008.jpg"", ""IMG_20261009_170010.jpg""]",prior-pending,"{""sharedProductId"": ""arroz-alfinete"", ""n"": ""Arroz Alfinete"", ""sourcePhoto"": ""IMG_20261009_165920.jpg"", ""sourceImage"": ""/catalog-sources/IMG_20261009_165920.jpg"", ""status"": ""needs-review"", ""priceCandidatesCUP"": [], ""reason"": ""Presentación parcialmente oculta y sin precio legible."", ""img"": null}",,not-generated,not-published,,packaged-unit,product-candidate,
arroz-blanco-bolsa,Arroz blanco en bolsa,Alimentos,Arroz,Bolsa transparente,CUP,1000,[1000],direct,precio-visible,Sin marca; peso pendiente,"[""IMG_20261009_170014.jpg"", ""IMG_20261009_170008.jpg""]","[""IMG_20261009_170014.jpg"", ""IMG_20261009_170008.jpg""]",candidate-not-published,,,not-generated,not-published,,packaged-unit,product-candidate,
trigo-bolsa-1kg,Harina de trigo,Alimentos,Harinas,Bolsa de1kg,CUP,2100,[2100],direct,precio-visible,Marca no legible,"[""IMG_20261009_170022.jpg""]","[""IMG_20261009_170022.jpg""]",candidate-not-published,,,not-generated,not-published,,packaged-unit,product-candidate,
trigo-gloria,Harina de trigo Gloria,Alimentos,Harinas,Bolsa,CUP,1300,[1300],direct,precio-visible,Peso pendiente,"[""IMG_20261009_170022.jpg""]","[""IMG_20261009_170022.jpg""]",candidate-not-published,,,not-generated,not-published,,packaged-unit,product-candidate,
maicena-450,Maicena almidón de maíz,Alimentos,Harinas,Bolsa450g,CUP,3000,[3000],direct,precio-visible,Marca no confirmada,"[""IMG_20261009_170022.jpg""]","[""IMG_20261009_170022.jpg""]",candidate-not-published,,,not-generated,not-published,,packaged-unit,product-candidate,
chefscupboard-buterry,Puré de papas Chef's Cupboard Buttery,Alimentos,Preparados,Bolsa,CUP,1800,[1800],direct,precio-visible,Peso pendiente,"[""IMG_20261009_170025.jpg"", ""IMG_20261009_170027.jpg""]","[""IMG_20261009_170027.jpg""]",candidate-not-published,,,not-generated,not-published,,packaged-unit,product-candidate,
cookies-bulk,Galletas redondas en bolsa,Alimentos,Galletas,Bolsa transparente,CUP,1500,[1500],direct,precio-visible,Marca peso y unidad de venta pendientes,"[""IMG_20261009_170032.jpg"", ""IMG_20261009_170014.jpg""]","[""IMG_20261009_170032.jpg"", ""IMG_20261009_170014.jpg""]",candidate-not-published,,,not-generated,not-published,,packaged-unit-unconfirmed,product-candidate,
savvyfare-rice,Arroz Savvy Fare Roasted Chicken,Alimentos,Preparados,Bolsa; sabor pollo,CUP,,[2700],shared,confirmar-asociacion-precio,Confirmar precio por variante,"[""IMG_20261009_170038.jpg"", ""IMG_20261009_170041.jpg""]","[""IMG_20261009_170038.jpg"", ""IMG_20261009_170041.jpg""]",candidate-not-published,,,not-generated,not-published,,packaged-unit,product-candidate,
spanish-rice,Arroz Spanish Style Rice,Alimentos,Preparados,Bolsa,CUP,,[2700],shared,confirmar-asociacion-precio,Marca y precio por variante pendientes,"[""IMG_20261009_170038.jpg"", ""IMG_20261009_170041.jpg""]","[""IMG_20261009_170038.jpg"", ""IMG_20261009_170041.jpg""]",candidate-not-published,,,not-generated,not-published,,packaged-unit,product-candidate,
timeowise-rice,Arroz Time O'Wise Dirty Rice,Alimentos,Preparados,Bolsa,CUP,,[2700],shared,confirmar-asociacion-precio,Confirmar marca y precio por variante,"[""IMG_20261009_170038.jpg"", ""IMG_20261009_170041.jpg""]","[""IMG_20261009_170038.jpg"", ""IMG_20261009_170041.jpg""]",candidate-not-published,,,not-generated,not-published,,packaged-unit,product-candidate,
santa-lasagna,Pasta Santa Lasagna,Alimentos,Pastas,Caja,CUP,800,[800],direct,precio-visible,Peso pendiente,"[""IMG_20261009_170038.jpg"", ""IMG_20261009_170041.jpg""]","[""IMG_20261009_170038.jpg"", ""IMG_20261009_170041.jpg""]",candidate-not-published,,,not-generated,not-published,,packaged-unit,product-candidate,
marchi-salt,Sal yodada March I,Alimentos,Sal y azúcar,Envase cilíndrico,CUP,1800,[1800],direct,precio-visible,Confirmar marca y peso,"[""IMG_20261009_170045.jpg"", ""IMG_20261009_170038.jpg""]","[""IMG_20261009_170045.jpg"", ""IMG_20261009_170038.jpg""]",candidate-not-published,,,not-generated,not-published,,packaged-unit,product-candidate,
white-bulk,Producto blanco en bolsa sin marca,Alimentos,Sal y azúcar,Bolsa transparente,CUP,800,[800],direct,precio-visible,Confirmar si es azúcar sal o arroz y peso,"[""IMG_20261009_170047.jpg"", ""IMG_20261009_170045.jpg""]","[""IMG_20261009_170047.jpg"", ""IMG_20261009_170045.jpg""]",candidate-not-published,,,not-generated,not-published,,packaged-unit,family-review,
torre-pink-salt,Sal rosada Torre de la Vega,Alimentos,Sal y azúcar,Sal de los Andes; bolsa,CUP,1700,[1700],direct,precio-visible,Peso pendiente,"[""IMG_20261009_170051.jpg"", ""IMG_20261009_170054.jpg""]","[""IMG_20261009_170051.jpg"", ""IMG_20261009_170054.jpg""]",candidate-not-published,,,not-generated,not-published,,packaged-unit,product-candidate,
sal-fina-azul,Sal fina en bolsa azul,Alimentos,Sal y azúcar,Bolsa,CUP,,[],missing,falta-precio,Marca y precio pendientes,"[""IMG_20261009_170054.jpg""]","[""IMG_20261009_170054.jpg""]",candidate-not-published,,,not-generated,not-published,,packaged-unit,product-candidate,
taoro-guayaba,Néctar Taoro Guayaba,Bebidas,Jugos y néctares,Lata,CUP,680,[680],direct,precio-visible,Volumen pendiente,"[""IMG_20261009_170105_1.jpg""]","[""IMG_20261009_170105_1.jpg""]",candidate-not-published,,,not-generated,not-published,,packaged-unit,product-candidate,
monster-pipeline,Monster Pipeline Punch,Bebidas,Energéticas,Lata rosa,CUP,,[3000],shared,confirmar-asociacion-precio,Precio de grupo; volumen pendiente,"[""IMG_20261009_170108.jpg""]","[""IMG_20261009_170108.jpg""]",candidate-not-published,,,not-generated,not-published,,packaged-unit,product-candidate,
monster-mango,Monster Mango Loco,Bebidas,Energéticas,Lata azul,CUP,,[3000],shared,confirmar-asociacion-precio,Precio de grupo; volumen pendiente,"[""IMG_20261009_170108.jpg""]","[""IMG_20261009_170108.jpg""]",candidate-not-published,,,not-generated,not-published,,packaged-unit,product-candidate,
monster-tropical,Monster Ultra Tropical Punch,Bebidas,Energéticas,Lata verde,CUP,,[3000],shared,confirmar-asociacion-precio,Precio de grupo; volumen pendiente,"[""IMG_20261009_170108.jpg""]","[""IMG_20261009_170108.jpg""]",candidate-not-published,,,not-generated,not-published,,packaged-unit,product-candidate,
tropigusto-mango,Tropi Gusto Mango,Bebidas,Jugos y néctares,Lata,CUP,,"[600, 800]",conflict,comparar-presentaciones-precios,Comparar tamaños y confirmar precio vigente,"[""IMG_20261009_170110_1.jpg"", ""IMG_20261009_170140.jpg""]","[""IMG_20261009_170110_1.jpg"", ""IMG_20261009_170140.jpg""]",candidate-not-published,,,not-generated,not-published,,packaged-unit,product-candidate,
tropigusto-pineapple,Tropi Gusto Pineapple,Bebidas,Jugos y néctares,Lata; piña,CUP,,[800],shared,confirmar-asociacion-precio,Confirmar tamaño y precio propio,"[""IMG_20261009_170110_1.jpg""]","[""IMG_20261009_170110_1.jpg""]",candidate-not-published,,,not-generated,not-published,,packaged-unit,product-candidate,
tropigusto-banana,Tropi Gusto Banana,Bebidas,Jugos y néctares,Lata,CUP,,"[600, 800]",conflict,comparar-presentaciones-precios,Comparar tamaños y confirmar precio vigente,"[""IMG_20261009_170110_1.jpg"", ""IMG_20261009_170140.jpg""]","[""IMG_20261009_170110_1.jpg"", ""IMG_20261009_170140.jpg""]",candidate-not-published,,,not-generated,not-published,,packaged-unit,product-candidate,
tropigusto-peach,Tropi Gusto Peach,Bebidas,Jugos y néctares,Lata; durazno,CUP,,[800],shared,confirmar-asociacion-precio,Confirmar tamaño y precio propio,"[""IMG_20261009_170110_1.jpg""]","[""IMG_20261009_170110_1.jpg""]",candidate-not-published,,,not-generated,not-published,,packaged-unit,product-candidate,
bahamas-juice,Jugos Bahamas en caja,Bebidas,Jugos y néctares,Cajas con pitillo,CUP,,[400],shared,confirmar-asociacion-precio,Separar sabores y volumen con lectura de etiqueta,"[""IMG_20261009_170114.jpg""]","[""IMG_20261009_170114.jpg""]",candidate-not-published,,,not-generated,not-published,,packaged-unit,family-review,
bali-juice,Jugos Bali en caja,Bebidas,Jugos y néctares,Cajas con pitillo,CUP,,[400],shared,confirmar-asociacion-precio,Separar sabores y volumen con lectura de etiqueta,"[""IMG_20261009_170114.jpg""]","[""IMG_20261009_170114.jpg""]",candidate-not-published,,,not-generated,not-published,,packaged-unit,family-review,
water-whitecap,Agua embotellada sin marca legible,Bebidas,Agua,Botellas transparentes,CUP,,"[95, 1000]",ambiguous,requiere-aclaracion,Carteles sin asociación clara; no fijar precio,"[""IMG_20261009_170117.jpg""]","[""IMG_20261009_170117.jpg""]",candidate-not-published,,,not-generated,not-published,,packaged-unit,family-review,
boom-cola,Refresco Max Boom Boom Cola,Bebidas,Refrescos,Lata355mL,CUP,,[750],shared,confirmar-asociacion-precio,Confirmar precio por sabor,"[""IMG_20261009_170126.jpg""]","[""IMG_20261009_170126.jpg""]",candidate-not-published,,,not-generated,not-published,,packaged-unit,product-candidate,
boom-lime,Refresco Max Boom Boom Lima-Limón,Bebidas,Refrescos,Lata355mL,CUP,,[750],shared,confirmar-asociacion-precio,Confirmar precio por sabor,"[""IMG_20261009_170126.jpg""]","[""IMG_20261009_170126.jpg""]",candidate-not-published,,,not-generated,not-published,,packaged-unit,product-candidate,
sunny-tamarind,Néctar Sunny Tamarind,Bebidas,Jugos y néctares,Lata; tamarindo,CUP,900,[900],direct,precio-visible,Volumen pendiente,"[""IMG_20261009_170128.jpg""]","[""IMG_20261009_170128.jpg""]",candidate-not-published,,,not-generated,not-published,,packaged-unit,product-candidate,
water-blue,Agua embotellada de etiqueta azul,Bebidas,Agua,Botella,CUP,350,[350],direct,precio-visible,Marca y volumen pendientes; no unir a otra agua sin confirmar,"[""IMG_20261009_170131.jpg""]","[""IMG_20261009_170131.jpg""]",candidate-not-published,,,not-generated,not-published,,packaged-unit,family-review,
shani,Refresco Shani,Bebidas,Refrescos,Lata roja,CUP,780,[780],direct,precio-visible,Volumen pendiente,"[""IMG_20261009_170152.jpg""]","[""IMG_20261009_170152.jpg""]",candidate-not-published,,,not-generated,not-published,,packaged-unit,product-candidate,
sunny-peach,Néctar Sunny Peach,Bebidas,Jugos y néctares,Lata; durazno,CUP,,[],missing,falta-precio,No heredar precio de tamarindo,"[""IMG_20261009_170157.jpg""]","[""IMG_20261009_170157.jpg""]",candidate-not-published,,,not-generated,not-published,,packaged-unit,product-candidate,
members-lemonpepper,Condimento Member's Mark Lemon Pepper,Alimentos,Condimentos,Frasco grande,CUP,14000,[14000],direct,precio-visible,Peso pendiente,"[""IMG_20261009_170211.jpg""]","[""IMG_20261009_170211.jpg""]",candidate-not-published,,,not-generated,not-published,,packaged-unit,product-candidate,
mccormick-montrealsteak,McCormick Grill Mates Montreal Steak,Alimentos,Condimentos,Frasco grande,CUP,14000,[14000],direct,precio-visible,Peso pendiente,"[""IMG_20261009_170211.jpg""]","[""IMG_20261009_170211.jpg""]",candidate-not-published,,,not-generated,not-published,,packaged-unit,product-candidate,
mccormick-montrealchicken,McCormick Grill Mates Montreal Chicken,Alimentos,Condimentos,Frasco grande,CUP,14000,[14000],direct,precio-visible,No heredar precio de Montreal Steak,"[""IMG_20261009_170211.jpg"", ""IMG_20261009_170241.jpg""]","[""IMG_20261009_170241.jpg""]",candidate-not-published,,,not-generated,not-published,,packaged-unit,product-candidate,
members-redpepper,Member's Mark Crushed Red Pepper,Alimentos,Condimentos,Frasco grande,CUP,6700,[6700],direct,precio-visible,Confirmar marca y peso,"[""IMG_20261009_170211.jpg"", ""IMG_20261009_170241.jpg""]","[""IMG_20261009_170211.jpg""]",candidate-not-published,,,not-generated,not-published,,packaged-unit,product-candidate,
members-thyme,Member's Mark Whole Thyme Leaves,Alimentos,Condimentos,Frasco grande,CUP,5500,[5500],direct,precio-visible,Confirmar marca y peso,"[""IMG_20261009_170211.jpg"", ""IMG_20261009_170241.jpg""]","[""IMG_20261009_170211.jpg""]",candidate-not-published,,,not-generated,not-published,,packaged-unit,product-candidate,
kitano-basil,Kitano Manjericão em Folha,Alimentos,Condimentos,Albahaca en hojas30g,CUP,4680,[4680],direct,precio-visible,,"[""IMG_20261009_170211.jpg"", ""IMG_20261009_170241.jpg""]","[""IMG_20261009_170211.jpg""]",candidate-not-published,,,not-generated,not-published,,packaged-unit,product-candidate,
amanhecer-whitepepper,Pimienta blanca molida Amanhecer,Alimentos,Condimentos,Frasco,CUP,1450,[1450],direct,precio-visible,Peso pendiente,"[""IMG_20261009_170217.jpg""]","[""IMG_20261009_170217.jpg""]",candidate-not-published,,,not-generated,not-published,,packaged-unit,product-candidate,
amanhecer-turmeric,Azafrán de las Indias molido Amanhecer,Alimentos,Condimentos,Cúrcuma; frasco,CUP,,[1450],shared,confirmar-asociacion-precio,Cartel compartido; confirmar precio,"[""IMG_20261009_170217.jpg""]","[""IMG_20261009_170217.jpg""]",candidate-not-published,,,not-generated,not-published,,packaged-unit,product-candidate,
amanhecer-clove,Clavo Amanhecer,Alimentos,Condimentos,Frasco,CUP,,[1450],shared,confirmar-asociacion-precio,Cartel compartido; confirmar precio,"[""IMG_20261009_170217.jpg""]","[""IMG_20261009_170217.jpg""]",candidate-not-published,,,not-generated,not-published,,packaged-unit,product-candidate,
homebrothers-bbq,Home Brothers KC Style BBQ Rub,Alimentos,Condimentos,Frasco92g,CUP,,[],missing,falta-precio,No heredar1450,"[""IMG_20261009_170217.jpg""]","[""IMG_20261009_170217.jpg""]",candidate-not-published,,,not-generated,not-published,,packaged-unit,product-candidate,
heavenly-garlic,Ajo en polvo Heavenly Spices,Alimentos,Condimentos,Frasco70g,CUP,2100,[2100],direct,precio-visible,,"[""IMG_20261009_170217.jpg""]","[""IMG_20261009_170217.jpg""]",candidate-not-published,,,not-generated,not-published,,packaged-unit,product-candidate,
kingsford-lemon,Kingsford Lemon Pepper,Alimentos,Condimentos,Frasco,CUP,,[],missing,falta-precio,Precio propio no visible,"[""IMG_20261009_170217.jpg"", ""IMG_20261009_170254.jpg"", ""IMG_20261009_170257.jpg""]","[""IMG_20261009_170217.jpg""]",candidate-not-published,,,not-generated,not-published,,packaged-unit,product-candidate,
badia-oregano,Orégano Badia,Alimentos,Condimentos,"Frasco14,2g",CUP,,[1450],shared,confirmar-asociacion-precio,Cartel entre orégano y salsa; confirmar,"[""IMG_20261009_170217.jpg"", ""IMG_20261009_170254.jpg"", ""IMG_20261009_170257.jpg""]","[""IMG_20261009_170217.jpg""]",candidate-not-published,,,not-generated,not-published,,packaged-unit,product-candidate,
amanhecer-parsley,Salsa em Folha Amanhecer,Alimentos,Condimentos,Perejil en hojas; frasco,CUP,,[1450],shared,confirmar-asociacion-precio,Cartel entre variantes; confirmar,"[""IMG_20261009_170217.jpg"", ""IMG_20261009_170254.jpg"", ""IMG_20261009_170257.jpg""]","[""IMG_20261009_170217.jpg""]",candidate-not-published,,,not-generated,not-published,,packaged-unit,product-candidate,
carmencita-marisco,Molinillo Carmencita Marisco,Alimentos,Condimentos,Frasco molinillo,CUP,,[3100],shared,confirmar-asociacion-precio,Confirmar precio propio,"[""IMG_20261009_170217.jpg"", ""IMG_20261009_170254.jpg"", ""IMG_20261009_170257.jpg""]","[""IMG_20261009_170217.jpg""]",candidate-not-published,,,not-generated,not-published,,packaged-unit,product-candidate,
carmencita-bbq,Molinillo Carmencita Barbacoa,Alimentos,Condimentos,Frasco molinillo,CUP,,[3100],shared,confirmar-asociacion-precio,Confirmar precio propio,"[""IMG_20261009_170217.jpg"", ""IMG_20261009_170254.jpg"", ""IMG_20261009_170257.jpg""]","[""IMG_20261009_170217.jpg""]",candidate-not-published,,,not-generated,not-published,,packaged-unit,product-candidate,
carmencita-picante,Molinillo Carmencita Picante,Alimentos,Condimentos,Frasco molinillo,CUP,,[3100],shared,confirmar-asociacion-precio,Confirmar precio propio,"[""IMG_20261009_170217.jpg"", ""IMG_20261009_170254.jpg"", ""IMG_20261009_170257.jpg""]","[""IMG_20261009_170217.jpg""]",candidate-not-published,,,not-generated,not-published,,packaged-unit,product-candidate,
carmencita-pollo,Molinillo Carmencita Pollo,Alimentos,Condimentos,Frasco molinillo,CUP,,[3100],shared,confirmar-asociacion-precio,Confirmar precio propio,"[""IMG_20261009_170217.jpg"", ""IMG_20261009_170254.jpg"", ""IMG_20261009_170257.jpg""]","[""IMG_20261009_170217.jpg""]",candidate-not-published,,,not-generated,not-published,,packaged-unit,product-candidate,
davia-passata,Davia Passata,Conservas,Tomate,Botella de vidrio,CUP,2500,[2500],direct,precio-visible,Volumen pendiente,"[""IMG_20261009_170221.jpg"", ""IMG_20261009_170234.jpg""]","[""IMG_20261009_170221.jpg"", ""IMG_20261009_170234.jpg""]",candidate-not-published,,,not-generated,not-published,,packaged-unit,product-candidate,
tomate-triturado,Tomate triturado en lata,Conservas,Tomate,Lata,CUP,4500,[4500],direct,precio-visible,Marca y peso pendientes,"[""IMG_20261009_170222_1.jpg""]","[""IMG_20261009_170222_1.jpg""]",candidate-not-published,,,not-generated,not-published,,packaged-unit,product-candidate,
ourhouse-tomato,Pasta de tomate OurHouse,Conservas,Tomate,Lata111oz,CUP,5000,[5000],direct,precio-visible,,"[""IMG_20261009_170225_1.jpg"", ""IMG_20261009_170222_1.jpg""]","[""IMG_20261009_170225_1.jpg"", ""IMG_20261009_170222_1.jpg""]",candidate-not-published,,,not-generated,not-published,,packaged-unit,product-candidate,
tagliamonte-pomodoro,Tomates pelados enteros Tagliamonte,Conservas,Tomate,Lata400g,CUP,1650,[1650],direct,precio-visible,Confirmar peso escurrido240g,"[""IMG_20261009_170228.jpg""]","[""IMG_20261009_170228.jpg""]",candidate-not-published,,,not-generated,not-published,,packaged-unit,product-candidate,
prego-traditional,Salsa Prego Traditional,Conservas,Salsas para pasta,Frasco,CUP,6000,[6000],direct,precio-visible,Peso pendiente,"[""IMG_20261009_170234.jpg"", ""IMG_20261009_170221.jpg""]","[""IMG_20261009_170234.jpg"", ""IMG_20261009_170221.jpg""]",candidate-not-published,,,not-generated,not-published,,packaged-unit,product-candidate,
ragu-garlic,Salsa Ragu Roasted Garlic Parmesan,Alimentos,Salsas para pasta,Frasco,CUP,6500,[6500],direct,precio-visible,Peso pendiente,"[""IMG_20261009_170232.jpg"", ""IMG_20261009_170234.jpg""]","[""IMG_20261009_170232.jpg"", ""IMG_20261009_170234.jpg""]",candidate-not-published,,,not-generated,not-published,,packaged-unit,product-candidate,
mantias-parmesan,Queso parmesano Mantia's,Alimentos,Quesos,Envase con tapa verde,CUP,4900,[4900],direct,precio-visible,Peso pendiente,"[""IMG_20261009_170232.jpg""]","[""IMG_20261009_170232.jpg""]",candidate-not-published,,,not-generated,not-published,,packaged-unit,product-candidate,
gv-cheddar-wow,Great Value Cheese Wow! Cheddar,Alimentos,Quesos,Envase dispensador,CUP,,[3000],shared,confirmar-asociacion-precio,Confirmar precio por variante y peso,"[""IMG_20261009_170232.jpg""]","[""IMG_20261009_170232.jpg""]",candidate-not-published,,,not-generated,not-published,,packaged-unit,product-candidate,
gv-american-wow,Great Value Cheese Wow! American,Alimentos,Quesos,Envase dispensador,CUP,,[3000],shared,confirmar-asociacion-precio,Confirmar precio por variante y peso,"[""IMG_20261009_170232.jpg""]","[""IMG_20261009_170232.jpg""]",candidate-not-published,,,not-generated,not-published,,packaged-unit,product-candidate,
gv-extrasharp-wow,Great Value Cheese Wow! Extra Sharp Cheddar,Alimentos,Quesos,Envase dispensador,CUP,,[3000],shared,confirmar-asociacion-precio,Confirmar precio por variante y peso,"[""IMG_20261009_170232.jpg""]","[""IMG_20261009_170232.jpg""]",candidate-not-published,,,not-generated,not-published,,packaged-unit,product-candidate,
offley-white,Vino de Oporto Offley White,Bebidas,Vinos,Botella,CUP,6000,[6000],direct,precio-visible,Volumen pendiente,"[""IMG_20261009_170954_1.jpg""]","[""IMG_20261009_170954_1.jpg""]",candidate-not-published,,,not-generated,not-published,,packaged-unit,product-candidate,
gatonegro-white,Vino Gato Negro blanco,Bebidas,Vinos,Botella,CUP,4000,[4000],direct,precio-visible,Variedad y volumen pendientes,"[""IMG_20261009_171001_1.jpg""]","[""IMG_20261009_171001_1.jpg""]",candidate-not-published,,,not-generated,not-published,,packaged-unit,product-candidate,
havana-ritual,Ron Havana Club Ritual Cubano,Bebidas,Ron,Botella70cl visible,CUP,5800,[5800],direct,precio-visible,,"[""IMG_20261009_171010.jpg"", ""IMG_20261009_171013.jpg"", ""IMG_20261009_171400.jpg"", ""IMG_20261009_171356.jpg""]","[""IMG_20261009_171010.jpg"", ""IMG_20261009_171013.jpg"", ""IMG_20261009_171400.jpg"", ""IMG_20261009_171356.jpg""]",candidate-not-published,,,not-generated,not-published,,packaged-unit,product-candidate,
havana-especial,Ron Havana Club Añejo Especial,Bebidas,Ron,Botella,CUP,5900,[5900],direct,precio-visible,Volumen pendiente,"[""IMG_20261009_171010.jpg"", ""IMG_20261009_171013.jpg"", ""IMG_20261009_171405.jpg"", ""IMG_20261009_171356.jpg""]","[""IMG_20261009_171010.jpg"", ""IMG_20261009_171013.jpg"", ""IMG_20261009_171405.jpg"", ""IMG_20261009_171356.jpg""]",candidate-not-published,,,not-generated,not-published,,packaged-unit,product-candidate,
suau-15,Brandy Suau15,Bebidas,Brandy,Reserva15;700mL37%,CUP,15000,[15000],direct,precio-visible,,"[""IMG_20261009_171010.jpg""]","[""IMG_20261009_171010.jpg""]",candidate-not-published,,,not-generated,not-published,,packaged-unit,product-candidate,
suau-8,Brandy Suau8,Bebidas,Brandy,Reserva8;700mL37%,CUP,8000,[8000],direct,precio-visible,,"[""IMG_20261009_171010.jpg""]","[""IMG_20261009_171010.jpg""]",candidate-not-published,,,not-generated,not-published,,packaged-unit,product-candidate,
havana-reserva,Ron Havana Club Añejo Reserva,Bebidas,Ron,Botella,CUP,8500,[8500],direct,precio-visible,Volumen pendiente,"[""IMG_20261009_171016.jpg"", ""IMG_20261009_171405.jpg"", ""IMG_20261009_171356.jpg""]","[""IMG_20261009_171016.jpg"", ""IMG_20261009_171405.jpg"", ""IMG_20261009_171356.jpg""]",candidate-not-published,,,not-generated,not-published,,packaged-unit,product-candidate,
planta-santa,Mezcal Planta Santa Reposado,Bebidas,Mezcal,700mL38%,CUP,13000,[13000],direct,precio-visible,,"[""IMG_20261009_171027.jpg"", ""IMG_20261009_171321.jpg""]","[""IMG_20261009_171027.jpg"", ""IMG_20261009_171321.jpg""]",candidate-not-published,,,not-generated,not-published,,packaged-unit,product-candidate,
gordons,Ginebra Gordon's London Dry,Bebidas,Ginebra,Botella,CUP,9000,[9000],direct,precio-visible,Volumen pendiente,"[""IMG_20261009_171027.jpg""]","[""IMG_20261009_171027.jpg""]",candidate-not-published,,,not-generated,not-published,,packaged-unit,product-candidate,
jodhpur-reserve,Ginebra Jodhpur Reserve,Bebidas,Ginebra,Botella oscura,CUP,9000,[9000],direct,precio-visible,Volumen pendiente,"[""IMG_20261009_171027.jpg""]","[""IMG_20261009_171027.jpg""]",candidate-not-published,,,not-generated,not-published,,packaged-unit,product-candidate,
jodhpur-mandore,Ginebra Jodhpur Mandore,Bebidas,Ginebra,Botella naranja,CUP,9000,[9000],direct,precio-visible,Volumen pendiente,"[""IMG_20261009_171027.jpg"", ""IMG_20261009_171341.jpg""]","[""IMG_20261009_171027.jpg"", ""IMG_20261009_171341.jpg""]",candidate-not-published,,,not-generated,not-published,,packaged-unit,product-candidate,
jodhpur-spicy,Ginebra Jodhpur Spicy,Bebidas,Ginebra,Botella rosa,CUP,9000,[9000],direct,precio-visible,Volumen pendiente,"[""IMG_20261009_171027.jpg""]","[""IMG_20261009_171027.jpg""]",candidate-not-published,,,not-generated,not-published,,packaged-unit,product-candidate,
santacarolina-rose,Vino Santa Carolina Reservado Rosé,Bebidas,Vinos,Botella;2024 visible,CUP,5000,[5000],direct,precio-visible,No extrapolar añada a otras botellas,"[""IMG_20261009_171031.jpg"", ""IMG_20261009_171034.jpg"", ""IMG_20261009_171036.jpg"", ""IMG_20261009_171435.jpg""]","[""IMG_20261009_171031.jpg"", ""IMG_20261009_171034.jpg"", ""IMG_20261009_171036.jpg"", ""IMG_20261009_171435.jpg""]",candidate-not-published,,,not-generated,not-published,,packaged-unit,product-candidate,
santacarolina-sauvignon,Vino Santa Carolina Reservado Sauvignon Blanc,Bebidas,Vinos,Botella,CUP,5000,[5000],direct,precio-visible,Volumen pendiente,"[""IMG_20261009_171031.jpg"", ""IMG_20261009_171034.jpg"", ""IMG_20261009_171435.jpg""]","[""IMG_20261009_171031.jpg"", ""IMG_20261009_171034.jpg"", ""IMG_20261009_171435.jpg""]",candidate-not-published,,,not-generated,not-published,,packaged-unit,product-candidate,
celeste-verdejo,Vino Celeste Verdejo,Bebidas,Vinos,Pago del Cielo; botella,CUP,3500,[3500],direct,precio-visible,,"[""IMG_20261009_171031.jpg"", ""IMG_20261009_171034.jpg"", ""IMG_20261009_171435.jpg""]","[""IMG_20261009_171031.jpg"", ""IMG_20261009_171034.jpg"", ""IMG_20261009_171435.jpg""]",candidate-not-published,,,not-generated,not-published,,packaged-unit,product-candidate,
vinasol,Vino Viña Sol Original,Bebidas,Vinos,Torres; botella,CUP,3500,[3500],direct,precio-visible,,"[""IMG_20261009_171031.jpg"", ""IMG_20261009_171432.jpg""]","[""IMG_20261009_171031.jpg"", ""IMG_20261009_171432.jpg""]",candidate-not-published,,,not-generated,not-published,,packaged-unit,product-candidate,
vina-esmeralda,Vino Viña Esmeralda,Bebidas,Vinos,Botella,CUP,4000,[4000],direct,precio-visible,Volumen pendiente,"[""IMG_20261009_171031.jpg""]","[""IMG_20261009_171031.jpg""]",candidate-not-published,,,not-generated,not-published,,packaged-unit,product-candidate,
sangretoro-red,Vino Sangre de Toro tinto,Bebidas,Vinos,Botella,CUP,5000,[5000],direct,precio-visible,Volumen pendiente,"[""IMG_20261009_171034.jpg"", ""IMG_20261009_171036.jpg"", ""IMG_20261009_171427.jpg"", ""IMG_20261009_171432.jpg""]","[""IMG_20261009_171034.jpg"", ""IMG_20261009_171036.jpg"", ""IMG_20261009_171427.jpg"", ""IMG_20261009_171432.jpg""]",candidate-not-published,,,not-generated,not-published,,packaged-unit,product-candidate,
sangretoro-white,Vino Sangre de Toro blanco,Bebidas,Vinos,Botella,CUP,5000,[5000],direct,precio-visible,Volumen pendiente,"[""IMG_20261009_171034.jpg"", ""IMG_20261009_171036.jpg"", ""IMG_20261009_171432.jpg""]","[""IMG_20261009_171034.jpg"", ""IMG_20261009_171036.jpg"", ""IMG_20261009_171432.jpg""]",candidate-not-published,,,not-generated,not-published,,packaged-unit,product-candidate,
sangretoro-rose,Vino Sangre de Toro rosado,Bebidas,Vinos,Botella,CUP,5000,[5000],direct,precio-visible,Volumen pendiente,"[""IMG_20261009_171036.jpg"", ""IMG_20261009_171427.jpg""]","[""IMG_20261009_171036.jpg"", ""IMG_20261009_171427.jpg""]",candidate-not-published,,,not-generated,not-published,,packaged-unit,product-candidate,
nestia-plantain,Chips de plátano Nestia Sea Salt,Alimentos,Snacks,Frasco grande,CUP,9100,[9100],direct,precio-visible,Confirmar marca y peso,"[""IMG_20261009_171154_1.jpg""]","[""IMG_20261009_171154_1.jpg""]",candidate-not-published,,,not-generated,not-published,,packaged-unit,product-candidate,
wapa-chorizo,Chorizo parrillero Wapa,Alimentos,Embutidos,Paquete500g,CUP,5300,[5300],direct,precio-visible,,"[""IMG_20261009_171202_1.jpg"", ""IMG_20261009_171215.jpg"", ""IMG_20261009_171605_1.jpg""]","[""IMG_20261009_171202_1.jpg"", ""IMG_20261009_171215.jpg"", ""IMG_20261009_171605_1.jpg""]",candidate-not-published,,,not-generated,not-published,,packaged-unit,product-candidate,
wapa-butifarra,Butifarra Wapa,Alimentos,Embutidos,Paquete500g,CUP,5540,[5540],direct,precio-visible,Revisar lectura5540 contra original antes de publicar,"[""IMG_20261009_171202_1.jpg"", ""IMG_20261009_171605_1.jpg""]","[""IMG_20261009_171202_1.jpg"", ""IMG_20261009_171605_1.jpg""]",candidate-not-published,,,not-generated,not-published,,packaged-unit,product-candidate,
morcilla,Morcilla congelada,Alimentos,Embutidos,Porciones al vacío,CUP,,[],missing,falta-precio,Marca peso y precio pendientes,"[""IMG_20261009_171207.jpg"", ""IMG_20261009_171212.jpg""]","[""IMG_20261009_171207.jpg"", ""IMG_20261009_171212.jpg""]",candidate-not-published,,,not-generated,not-published,,packaged-unit-unconfirmed,product-candidate,
bratwurst-cerdo,Bratwurst de cerdo congelado,Alimentos,Embutidos,Porciones al vacío,CUP,,[],missing,falta-precio,Marca peso y precio pendientes,"[""IMG_20261009_171207.jpg"", ""IMG_20261009_171212.jpg""]","[""IMG_20261009_171207.jpg"", ""IMG_20261009_171212.jpg""]",candidate-not-published,,,not-generated,not-published,,packaged-unit-unconfirmed,product-candidate,
bolitas-queso,Bolitas de queso La Tabernita,Alimentos,Congelados,Bandeja,CUP,4420,[4420],direct,precio-visible,Peso pendiente,"[""IMG_20261009_171218_1.jpg"", ""IMG_20261009_171225.jpg"", ""IMG_20261009_171202_1.jpg""]","[""IMG_20261009_171218_1.jpg"", ""IMG_20261009_171225.jpg"", ""IMG_20261009_171202_1.jpg""]",candidate-not-published,,,not-generated,not-published,,packaged-unit,product-candidate,
raviolis,Raviolis congelados,Alimentos,Congelados,Bandeja,CUP,4080,[4080],direct,precio-visible,Marca y peso pendientes,"[""IMG_20261009_171218_1.jpg"", ""IMG_20261009_171225.jpg""]","[""IMG_20261009_171218_1.jpg"", ""IMG_20261009_171225.jpg""]",candidate-not-published,,,not-generated,not-published,,packaged-unit,product-candidate,
hamburguesas-cerdo,Hamburguesas de cerdo,Alimentos,Congelados,Bandeja,CUP,3568,[3568],direct,precio-visible,Marca exacta y peso pendientes,"[""IMG_20261009_171221.jpg"", ""IMG_20261009_171228.jpg""]","[""IMG_20261009_171221.jpg"", ""IMG_20261009_171228.jpg""]",candidate-not-published,,,not-generated,not-published,,packaged-unit,product-candidate,
albondigas-cerdo,Albóndigas de cerdo,Alimentos,Congelados,Bandeja,CUP,4960,[4960],direct,precio-visible,Marca exacta y peso pendientes,"[""IMG_20261009_171221.jpg"", ""IMG_20261009_171228.jpg""]","[""IMG_20261009_171221.jpg"", ""IMG_20261009_171228.jpg""]",candidate-not-published,,,not-generated,not-published,,packaged-unit,product-candidate,
bravo-mortadela,Mortadela Bravo Criolla,Alimentos,Embutidos,Tubo800g,CUP,5060,[5060],direct,precio-visible,Corrige tamaño preliminar; etiqueta800g,"[""IMG_20261009_171247.jpg"", ""IMG_20261009_171605_1.jpg""]","[""IMG_20261009_171247.jpg"", ""IMG_20261009_171605_1.jpg""]",candidate-not-published,,,not-generated,not-published,,packaged-unit,product-candidate,
bravo-jamon-york,Jamón Bravo York,Alimentos,Embutidos,Tubo800g,CUP,7015,[7015],direct,precio-visible,,"[""IMG_20261009_171605_1.jpg""]","[""IMG_20261009_171605_1.jpg""]",candidate-not-published,,,not-generated,not-published,,packaged-unit,product-candidate,
bravo-jamon-barra,Jamón Bravo Barra,Alimentos,Embutidos,Pieza entera,CUP,16370,[16370],direct,precio-visible,Peso y unidad de venta pendientes,"[""IMG_20261009_171251_1.jpg"", ""IMG_20261009_171614_1.jpg"", ""IMG_20261009_171608_1.jpg""]","[""IMG_20261009_171251_1.jpg"", ""IMG_20261009_171614_1.jpg"", ""IMG_20261009_171608_1.jpg""]",candidate-not-published,,,not-generated,not-published,,packaged-unit-unconfirmed,product-candidate,
bravo-jamon-cocido,Jamón cocido Bravo,Alimentos,Embutidos,Pieza entera,CUP,17200,[17200],direct,precio-visible,Peso y unidad de venta pendientes,"[""IMG_20261009_171251_1.jpg"", ""IMG_20261009_171612.jpg"", ""IMG_20261009_171616_1.jpg""]","[""IMG_20261009_171251_1.jpg"", ""IMG_20261009_171612.jpg"", ""IMG_20261009_171616_1.jpg""]",candidate-not-published,,,not-generated,not-published,,packaged-unit-unconfirmed,product-candidate,
queso-iberico,Queso ibérico porcionado,Alimentos,Quesos,Bolsas al vacío,CUP,,[3400],ambiguous,requiere-aclaracion,Peso y unidad de venta pendientes; no asumir por kg,"[""IMG_20261009_171258.jpg"", ""IMG_20261009_171304.jpg""]","[""IMG_20261009_171258.jpg"", ""IMG_20261009_171304.jpg""]",candidate-not-published,,,not-generated,not-published,,packaged-unit-unconfirmed,family-review,
bravo-pasta-boca,Pasta de bocadito Bravo tradicional,Alimentos,Embutidos,Tubo,CUP,1720,[1720],direct,precio-visible,Peso pendiente; etiqueta confirma pasta de bocadito,"[""IMG_20261009_171304.jpg"", ""IMG_20261009_171605_1.jpg"", ""IMG_20261009_171616_1.jpg""]","[""IMG_20261009_171304.jpg"", ""IMG_20261009_171605_1.jpg"", ""IMG_20261009_171616_1.jpg""]",candidate-not-published,,,not-generated,not-published,,packaged-unit,product-candidate,
renypicot-mantequilla,Mantequilla Reny Picot Tradicional,Alimentos,Lácteos,Tarrina,CUP,2880,[2880],direct,precio-visible,Peso pendiente,"[""IMG_20261009_171306.jpg""]","[""IMG_20261009_171306.jpg""]",candidate-not-published,,,not-generated,not-published,,packaged-unit,product-candidate,
president-camembert,Queso Président Petit Camembert,Alimentos,Quesos,Caja125g,CUP,4560,[4560],direct,precio-visible,,"[""IMG_20261009_171308_1.jpg""]","[""IMG_20261009_171308_1.jpg""]",candidate-not-published,,,not-generated,not-published,,packaged-unit,product-candidate,
president-brie,Queso Président Petit Brie,Alimentos,Quesos,Caja125g,CUP,,[],missing,falta-precio,Cartel parcialmente tapado,"[""IMG_20261009_171308_1.jpg""]","[""IMG_20261009_171308_1.jpg""]",candidate-not-published,,,not-generated,not-published,,packaged-unit,product-candidate,
pacto-navio,Ron Pacto Navio,Bebidas,Ron,Botella,CUP,20000,[20000],direct,precio-visible,Volumen pendiente,"[""IMG_20261009_171321.jpg""]","[""IMG_20261009_171321.jpg""]",candidate-not-published,,,not-generated,not-published,,packaged-unit,product-candidate,
carafiestas,Mezcal CaraFiestas blanco,Bebidas,Mezcal,Botella,CUP,8000,[8000],direct,precio-visible,Volumen pendiente,"[""IMG_20261009_171323_1.jpg"", ""IMG_20261009_171321.jpg""]","[""IMG_20261009_171323_1.jpg"", ""IMG_20261009_171321.jpg""]",candidate-not-published,,,not-generated,not-published,,packaged-unit,product-candidate,
altos-reposado,Tequila Altos Reposado,Bebidas,Tequila,Botella,CUP,13140,[13140],direct,precio-visible,Volumen pendiente,"[""IMG_20261009_171327.jpg"", ""IMG_20261009_171323_1.jpg""]","[""IMG_20261009_171327.jpg"", ""IMG_20261009_171323_1.jpg""]",candidate-not-published,,,not-generated,not-published,,packaged-unit,product-candidate,
olmeca-reposado,Tequila Olmeca Reposado,Bebidas,Tequila,Botella,CUP,14180,[14180],direct,precio-visible,Volumen pendiente,"[""IMG_20261009_171327.jpg""]","[""IMG_20261009_171327.jpg""]",candidate-not-published,,,not-generated,not-published,,packaged-unit,product-candidate,
jw-doubleblack,Whisky Johnnie Walker Double Black,Bebidas,Whisky,Botella750mL,CUP,34520,[34520],direct,precio-visible,,"[""IMG_20261009_171328_1.jpg""]","[""IMG_20261009_171328_1.jpg""]",candidate-not-published,,,not-generated,not-published,,packaged-unit,product-candidate,
glenlivet-founders,Whisky The Glenlivet Founder's Reserve,Bebidas,Whisky,American Oak Selection; estuche y botella,CUP,20850,[20850],direct,precio-visible,Volumen pendiente,"[""IMG_20261009_171328_1.jpg""]","[""IMG_20261009_171328_1.jpg""]",candidate-not-published,,,not-generated,not-published,,packaged-unit,product-candidate,
jw-redlabel,Whisky Johnnie Walker Red Label,Bebidas,Whisky,Botella,CUP,16000,[16000],direct,precio-visible,Volumen pendiente,"[""IMG_20261009_171331_1.jpg"", ""IMG_20261009_171328_1.jpg""]","[""IMG_20261009_171331_1.jpg"", ""IMG_20261009_171328_1.jpg""]",candidate-not-published,,,not-generated,not-published,,packaged-unit,product-candidate,
jw-bluelabel,Whisky Johnnie Walker Blue Label,Bebidas,Whisky,Estuche y botella,CUP,280000,[280000],direct,precio-visible,Volumen pendiente,"[""IMG_20261009_171331_1.jpg""]","[""IMG_20261009_171331_1.jpg""]",candidate-not-published,,,not-generated,not-published,,packaged-unit,product-candidate,
jameson,Whiskey Jameson,Bebidas,Whisky,Botella,CUP,15900,[15900],direct,precio-visible,Volumen pendiente,"[""IMG_20261009_171335.jpg"", ""IMG_20261009_171331_1.jpg""]","[""IMG_20261009_171335.jpg"", ""IMG_20261009_171331_1.jpg""]",candidate-not-published,,,not-generated,not-published,,packaged-unit,product-candidate,
ballantines,Whisky Ballantine's Finest,Bebidas,Whisky,Botella,CUP,5270,[5270],direct,precio-visible,Volumen pendiente,"[""IMG_20261009_171335.jpg"", ""IMG_20261009_171331_1.jpg""]","[""IMG_20261009_171335.jpg"", ""IMG_20261009_171331_1.jpg""]",candidate-not-published,,,not-generated,not-published,,packaged-unit,product-candidate,
armageddon,Vodka Armageddon,Bebidas,Vodka,Botella azul,CUP,7600,[7600],direct,precio-visible,Volumen pendiente,"[""IMG_20261009_171339.jpg""]","[""IMG_20261009_171339.jpg""]",candidate-not-published,,,not-generated,not-published,,packaged-unit,product-candidate,
absolut,Vodka Absolut,Bebidas,Vodka,Botella,CUP,16020,[16020],direct,precio-visible,Volumen pendiente,"[""IMG_20261009_171339.jpg""]","[""IMG_20261009_171339.jpg""]",candidate-not-published,,,not-generated,not-published,,packaged-unit,product-candidate,
ciroc,Vodka Cîroc,Bebidas,Vodka,Botella,CUP,24600,[24600],direct,precio-visible,Volumen pendiente,"[""IMG_20261009_171339.jpg""]","[""IMG_20261009_171339.jpg""]",candidate-not-published,,,not-generated,not-published,,packaged-unit,product-candidate,
jodhpur-londondry,Ginebra Jodhpur London Dry,Bebidas,Ginebra,Botella oscura,CUP,9000,[9000],direct,precio-visible,Distinta de Jodhpur Reserve; volumen pendiente,"[""IMG_20261009_171341.jpg""]","[""IMG_20261009_171341.jpg""]",candidate-not-published,,,not-generated,not-published,,packaged-unit,product-candidate,
beefeater,Ginebra Beefeater London Dry,Bebidas,Ginebra,Botella,CUP,7400,[7400],direct,precio-visible,Volumen pendiente,"[""IMG_20261009_171341.jpg""]","[""IMG_20261009_171341.jpg""]",candidate-not-published,,,not-generated,not-published,,packaged-unit,product-candidate,
tanqueray,Ginebra Tanqueray London Dry,Bebidas,Ginebra,Botella,CUP,9900,[9900],direct,precio-visible,Volumen pendiente,"[""IMG_20261009_171345.jpg""]","[""IMG_20261009_171345.jpg""]",candidate-not-published,,,not-generated,not-published,,packaged-unit,product-candidate,
santiago-11,Ron Santiago de Cuba11años,Bebidas,Ron,Botella,CUP,19400,[19400],direct,precio-visible,Volumen pendiente,"[""IMG_20261009_171345.jpg""]","[""IMG_20261009_171345.jpg""]",candidate-not-published,,,not-generated,not-published,,packaged-unit,product-candidate,
santiago-12,Ron Santiago de Cuba12años,Bebidas,Ron,Botella,CUP,22500,[22500],direct,precio-visible,Volumen pendiente,"[""IMG_20261009_171345.jpg""]","[""IMG_20261009_171345.jpg""]",candidate-not-published,,,not-generated,not-published,,packaged-unit,product-candidate,
santiago-8,Ron Santiago de Cuba8años,Bebidas,Ron,Botella,CUP,10400,[10400],direct,precio-visible,Volumen pendiente,"[""IMG_20261009_171348.jpg""]","[""IMG_20261009_171348.jpg""]",candidate-not-published,,,not-generated,not-published,,packaged-unit,product-candidate,
santiago-blanca,Ron Santiago de Cuba Carta Blanca,Bebidas,Ron,Botella,CUP,6200,[6200],direct,precio-visible,Volumen pendiente,"[""IMG_20261009_171348.jpg"", ""IMG_20261009_171351.jpg""]","[""IMG_20261009_171348.jpg"", ""IMG_20261009_171351.jpg""]",candidate-not-published,,,not-generated,not-published,,packaged-unit,product-candidate,
santiago-anejo,Ron Santiago de Cuba Añejo,Bebidas,Ron,Botella,CUP,10600,[10600],direct,precio-visible,Volumen pendiente,"[""IMG_20261009_171351.jpg""]","[""IMG_20261009_171351.jpg""]",candidate-not-published,,,not-generated,not-published,,packaged-unit,product-candidate,
santiago-oscura,Ron Santiago de Cuba Carta Oscura,Bebidas,Ron,Botella,CUP,9200,[9200],direct,precio-visible,Volumen pendiente,"[""IMG_20261009_171351.jpg""]","[""IMG_20261009_171351.jpg""]",candidate-not-published,,,not-generated,not-published,,packaged-unit,product-candidate,
havana-profundo,Ron Havana Club Profundo,Bebidas,Ron,Botella,CUP,5600,[5600],direct,precio-visible,Volumen pendiente,"[""IMG_20261009_171405.jpg"", ""IMG_20261009_171408.jpg""]","[""IMG_20261009_171405.jpg"", ""IMG_20261009_171408.jpg""]",candidate-not-published,,,not-generated,not-published,,packaged-unit,product-candidate,
havana-maestros,Ron Havana Club Selección de Maestros,Bebidas,Ron,Botella,CUP,10200,[10200],direct,precio-visible,Volumen pendiente,"[""IMG_20261009_171408.jpg"", ""IMG_20261009_171405.jpg""]","[""IMG_20261009_171408.jpg"", ""IMG_20261009_171405.jpg""]",candidate-not-published,,,not-generated,not-published,,packaged-unit,product-candidate,
havana-spiced,Ron Havana Club Cuban Spiced,Bebidas,Ron,Botella,CUP,8670,[8670],direct,precio-visible,Volumen pendiente,"[""IMG_20261009_171408.jpg""]","[""IMG_20261009_171408.jpg""]",candidate-not-published,,,not-generated,not-published,,packaged-unit,product-candidate,
havana-7,Ron Havana Club7años,Bebidas,Ron,Dos tamaños visibles,CUP,,"[10200, 11900]",ambiguous,requiere-aclaracion,Leer volúmenes y asociar precio; una fila provisional de familia no dosSKU confirmados,"[""IMG_20261009_171408.jpg""]","[""IMG_20261009_171408.jpg""]",candidate-not-published,,,not-generated,not-published,,packaged-unit,family-review,
molinari,Licor Molinari Extra,Bebidas,Licores,Botella,CUP,11500,[11500],direct,precio-visible,Volumen pendiente,"[""IMG_20261009_171438.jpg"", ""IMG_20261009_171417.jpg""]","[""IMG_20261009_171438.jpg"", ""IMG_20261009_171417.jpg""]",candidate-not-published,,,not-generated,not-published,,packaged-unit,product-candidate,
legendario,Legendario Elixir7años,Bebidas,Licores,Botella,CUP,5700,[5700],direct,precio-visible,Confirmar cartel y volumen,"[""IMG_20261009_171417.jpg""]","[""IMG_20261009_171417.jpg""]",candidate-not-published,,,not-generated,not-published,,packaged-unit,product-candidate,
havana-3,Ron Havana Club3años Original,Bebidas,Ron,Botella,CUP,7140,[7140],direct,precio-visible,Volumen pendiente,"[""IMG_20261009_171420.jpg""]","[""IMG_20261009_171420.jpg""]",candidate-not-published,,,not-generated,not-published,,packaged-unit,product-candidate,
jagermeister-1l,Licor Jägermeister,Bebidas,Licores,Botella1L;35%,CUP,10900,[10900],direct,precio-visible,,"[""IMG_20261009_171423.jpg""]","[""IMG_20261009_171423.jpg""]",candidate-not-published,,,not-generated,not-published,,packaged-unit,product-candidate,
sangretoro-special,Vino Sangre de Toro Special Selection,Bebidas,Vinos,Botella,CUP,9000,[9000],direct,precio-visible,Volumen pendiente,"[""IMG_20261009_171427.jpg""]","[""IMG_20261009_171427.jpg""]",candidate-not-published,,,not-generated,not-published,,packaged-unit,product-candidate,
res-molida,Carne de res molida,Alimentos,Carnes,Bandejas de peso variable,CUP,,[],variable,venta-peso-variable,"0,40kg3010CUP y0,31kg2330CUP; guardar precios por bandeja no fijar precioSKU ni inferir tarifa porkg","[""IMG_20261009_171446.jpg"", ""IMG_20261009_171457.jpg"", ""IMG_20261009_171500.jpg""]","[""IMG_20261009_171446.jpg"", ""IMG_20261009_171457.jpg"", ""IMG_20261009_171500.jpg""]",candidate-not-published,,,not-generated,not-published,,variable-weight,product-candidate,
bacon-slices,Bacon rebanado,Alimentos,Carnes,Bolsas al vacío de peso variable,CUP,,[],variable,venta-peso-variable,"Precios individuales observados:0,25kg4840;0,26kg5030;0,19kg3680;0,24kg4650;0,22kg4260. No fijar precio SKU ni inferir tarifa por kg","[""IMG_20261009_171447_1.jpg"", ""IMG_20261009_171506.jpg"", ""IMG_20261009_171512.jpg"", ""IMG_20261009_171517.jpg"", ""IMG_20261009_171521.jpg"", ""IMG_20261009_171529.jpg""]","[""IMG_20261009_171447_1.jpg"", ""IMG_20261009_171506.jpg"", ""IMG_20261009_171512.jpg"", ""IMG_20261009_171517.jpg"", ""IMG_20261009_171521.jpg"", ""IMG_20261009_171529.jpg""]",candidate-not-published,,,not-generated,not-published,,variable-weight,product-candidate,
roncari-blue,Queso Roncari Blue TGT,Alimentos,Quesos,Queso azul de oveja100g,CUP,2980,[2980],direct,precio-visible,,"[""IMG_20261009_171545_1.jpg"", ""IMG_20261009_171556_1.jpg""]","[""IMG_20261009_171545_1.jpg"", ""IMG_20261009_171556_1.jpg""]",candidate-not-published,,,not-generated,not-published,,packaged-unit,product-candidate,
valle-curado,Queso Valle de San Juan Curado,Alimentos,Quesos,Rueda y porciones,CUP,,[],variable,venta-peso-variable,Precio por presentación pendiente; no heredar de queso azul,"[""IMG_20261009_171545_1.jpg"", ""IMG_20261009_171556_1.jpg""]","[""IMG_20261009_171545_1.jpg"", ""IMG_20261009_171556_1.jpg""]",candidate-not-published,,,not-generated,not-published,,variable-weight,product-candidate,
ribera-semicurado,Queso Ribera Semicurado,Alimentos,Quesos,Rueda y porciones,CUP,,[],variable,venta-peso-variable,Marca lectura Ribera; precio/peso propios pendientes,"[""IMG_20261009_171545_1.jpg"", ""IMG_20261009_171556_1.jpg""]","[""IMG_20261009_171545_1.jpg"", ""IMG_20261009_171556_1.jpg""]",candidate-not-published,,,not-generated,not-published,,variable-weight,product-candidate,
valle-trufa,Queso Valle de San Juan Con Trufa,Alimentos,Quesos,Rueda y porciones,CUP,,[],variable,venta-peso-variable,Vincular cada porción con marca y peso antes de precio,"[""IMG_20261009_171549.jpg"", ""IMG_20261009_171556_1.jpg""]","[""IMG_20261009_171549.jpg"", ""IMG_20261009_171556_1.jpg""]",candidate-not-published,,,not-generated,not-published,,variable-weight,product-candidate,
queso-azul-porcion,Queso azul porcionado,Alimentos,Quesos,Bandejas al vacío,CUP,,[],variable,venta-peso-variable,"Marca no confirmada;0,24kg4620 y0,35kg6740 visibles; no asumir Roncari100g","[""IMG_20261009_171545_1.jpg"", ""IMG_20261009_171549.jpg""]","[""IMG_20261009_171545_1.jpg"", ""IMG_20261009_171549.jpg""]",candidate-not-published,,,not-generated,not-published,,variable-weight,family-review,
queso-vacio-generico,Queso porcionado al vacío sin marca legible,Alimentos,Quesos,Bolsas,CUP,,[],variable,venta-peso-variable,3740 visible en varias; confirmar peso y marca; no precio porkg,"[""IMG_20261009_171552.jpg"", ""IMG_20261009_171549.jpg""]","[""IMG_20261009_171552.jpg"", ""IMG_20261009_171549.jpg""]",candidate-not-published,,,not-generated,not-published,,variable-weight,family-review,
hollandmar-mozzarella,Mozzarella HollandMar,Alimentos,Quesos,Bloque verde grande,CUP,,[],missing,falta-precio,Precio peso y lectura de marca pendientes,"[""IMG_20261009_171601_1.jpg"", ""IMG_20261009_171605_1.jpg""]","[""IMG_20261009_171601_1.jpg"", ""IMG_20261009_171605_1.jpg""]",candidate-not-published,,,not-generated,not-published,,packaged-unit,product-candidate,
cello-variety,Quesos Cello Variety Pack,Alimentos,Quesos,908g;Aged Cheddar Jarlsberg Creamy Havarti Dutch Gouda,CUP,17000,[17000],direct,precio-visible,,"[""IMG_20261009_171605_1.jpg"", ""IMG_20261009_171601_1.jpg"", ""IMG_20261009_171608_1.jpg""]","[""IMG_20261009_171605_1.jpg"", ""IMG_20261009_171601_1.jpg"", ""IMG_20261009_171608_1.jpg""]",candidate-not-published,,,not-generated,not-published,,packaged-unit,product-candidate,
pate-bandeja,Paté en bandeja,Alimentos,Embutidos,Bandeja,CUP,2980,[2980],direct,precio-visible,Marca composición y peso pendientes,"[""IMG_20261009_171605_1.jpg""]","[""IMG_20261009_171605_1.jpg""]",candidate-not-published,,,not-generated,not-published,,packaged-unit,product-candidate,
fiambre-lonchas,Fiambre en lonchas sin marca legible,Alimentos,Embutidos,Porciones al vacío,CUP,,[],variable,venta-peso-variable,Identidad pendiente; no confundir con resmolida/bacon,"[""IMG_20261009_171605_1.jpg"", ""IMG_20261009_171608_1.jpg""]","[""IMG_20261009_171605_1.jpg"", ""IMG_20261009_171608_1.jpg""]",candidate-not-published,,,not-generated,not-published,,variable-weight,family-review,
bravo-salami,Salami Bravo,Alimentos,Embutidos,Pieza entera,CUP,,[],missing,falta-precio,Peso y precio propios pendientes,"[""IMG_20261009_171612.jpg"", ""IMG_20261009_171614_1.jpg""]","[""IMG_20261009_171612.jpg"", ""IMG_20261009_171614_1.jpg""]",candidate-not-published,,,not-generated,not-published,,packaged-unit-unconfirmed,product-candidate,
bravo-bacon-bloque,Bacon Bravo en bloque,Alimentos,Carnes,Bloque al vacío,CUP,,[],missing,falta-precio,Peso y precio propios pendientes,"[""IMG_20261009_171612.jpg"", ""IMG_20261009_171614_1.jpg""]","[""IMG_20261009_171612.jpg"", ""IMG_20261009_171614_1.jpg""]",candidate-not-published,,,not-generated,not-published,,packaged-unit-unconfirmed,product-candidate,
eltoro-mortadela,Mortadela de pollo El Toro,Alimentos,Embutidos,Pieza entera,CUP,,[],missing,falta-precio,Precio y peso fueraencuadre,"[""IMG_20261009_171616_1.jpg"", ""IMG_20261009_171608_1.jpg""]","[""IMG_20261009_171616_1.jpg"", ""IMG_20261009_171608_1.jpg""]",candidate-not-published,,,not-generated,not-published,,packaged-unit,product-candidate,
roinat-puppy,Alimento Roinat Puppy Dogs,Mascotas,Perros,Bolsa8kg;2–12meses,CUP,30940,[30940],direct,precio-visible,Lectura ampliada30940,"[""IMG_20261009_171627.jpg""]","[""IMG_20261009_171627.jpg""]",candidate-not-published,,,not-generated,not-published,,packaged-unit,product-candidate,
jagermeister-700,Licor Jägermeister700mL,Bebidas,Licores,Botella70cl;35%,CUP,10900,[10900],direct,precio-visible,,"[""IMG_20261009_171423.jpg""]","[""IMG_20261009_171423.jpg""]",candidate-not-published,,,not-generated,not-published,,packaged-unit,product-candidate,
frico-gouda,Queso Frico Gouda Mild,Alimentos,Quesos,Cuñas en envoltorio,CUP,,[],missing,falta-precio,Peso y precio propios pendientes,"[""IMG_20261009_171304.jpg"", ""IMG_20261009_171306.jpg""]","[""IMG_20261009_171304.jpg"", ""IMG_20261009_171306.jpg""]",candidate-not-published,,,not-generated,not-published,,packaged-unit-unconfirmed,product-candidate,
homebright-verde,Perlas aromáticas Homebright Moonlight Fresh,Aseo,Lavandería,Envase verde,CUP,4400,[4400],direct,precio-visible,Peso pendiente,"[""IMG_20261009_165026_1.jpg"", ""IMG_20261009_165030_1.jpg""]","[""IMG_20261009_165030_1.jpg""]",prior-pending-enriched,homebright-verde,/products/real/homebright-verde.webp,approved-reuse,published,,packaged-unit,product-candidate,
homebright-morado,Perlas aromáticas Homebright Lavender Vanilla,Aseo,Lavandería,Envase morado,CUP,,[4400],shared,confirmar-precio,Cartel compartido o adyacente; confirmar precio propio,"[""IMG_20261009_165026_1.jpg"", ""IMG_20261009_165030_1.jpg""]","[""IMG_20261009_165030_1.jpg""]",prior-pending-enriched,homebright-morado,,not-generated,not-published,,packaged-unit,product-candidate,
downy-fresh-perlas,Perlas de perfume Downy Fresh,Aseo,Lavandería,Envase141g,CUP,9400,[9400],direct,precio-visible,,"[""IMG_20261009_165030_1.jpg""]","[""IMG_20261009_165030_1.jpg""]",candidate-not-published,,,not-generated,not-published,,packaged-unit,product-candidate,
downy-lush-perlas,Perlas Downy Unstopables Lush,Aseo,Lavandería,Trial Size; envase morado,CUP,,[],missing,falta-precio,Precio y peso propios pendientes,"[""IMG_20261009_165030_1.jpg""]","[""IMG_20261009_165030_1.jpg""]",candidate-not-published,,,not-generated,not-published,,packaged-unit,product-candidate,
wonderful-vinegar,Pistachos Wonderful Sea Salt & Vinegar,Frutos secos,Pistachos,Sin cáscara; bolsa311g,CUP,18000,[18000],direct,precio-visible,,"[""IMG_20261009_165430.jpg"", ""IMG_20261009_165436.jpg""]","[""IMG_20261009_165436.jpg""]",prior-pending-enriched,wonderful-vinegar,,not-generated,not-published,,packaged-unit,product-candidate,
wonderful-dill,Pistachos Wonderful Dill Pickle,Frutos secos,Pistachos,Bolsa311g; variante dill pickle,CUP,17000,[17000],direct,precio-visible,Confirmar sin cáscara desde envase completo,"[""IMG_20261009_165436.jpg""]","[""IMG_20261009_165436.jpg""]",candidate-not-published,,,not-generated,not-published,,packaged-unit,product-candidate,
wonderful-lightly,Pistachos Wonderful Lightly Salted,Frutos secos,Pistachos,Con cáscara; bolsa454g,CUP,25500,[25500],direct,precio-visible,No unir a Roasted & Salted sin cáscara publicado,"[""IMG_20261009_165436.jpg"", ""IMG_20261009_165441.jpg""]","[""IMG_20261009_165436.jpg"", ""IMG_20261009_165441.jpg""]",candidate-not-published,,,not-generated,not-published,,packaged-unit,product-candidate,
wonderful-sweetchili,Pistachos Wonderful Sweet Chili,Frutos secos,Pistachos,Con cáscara; bolsa396g,CUP,25500,[25500],direct,precio-visible,,"[""IMG_20261009_165436.jpg"", ""IMG_20261009_165441.jpg""]","[""IMG_20261009_165436.jpg"", ""IMG_20261009_165441.jpg""]",candidate-not-published,,,not-generated,not-published,,packaged-unit,product-candidate,
wonderful-pepper-shell,Pistachos Wonderful Salt & Pepper,Frutos secos,Pistachos,Con cáscara; bolsa396g,CUP,25500,[25500],direct,precio-visible,Distinto de Sea Salt & Pepper sin cáscara311g publicado,"[""IMG_20261009_165436.jpg"", ""IMG_20261009_165441.jpg""]","[""IMG_20261009_165436.jpg"", ""IMG_20261009_165441.jpg""]",candidate-not-published,,,not-generated,not-published,,packaged-unit,product-candidate,
wonderful-roasted-227,Pistachos Wonderful Roasted & Salted,Frutos secos,Pistachos,Con cáscara; bolsa227g,CUP,9000,[9000],direct,precio-visible,,"[""IMG_20261009_165441.jpg"", ""IMG_20261009_165436.jpg""]","[""IMG_20261009_165441.jpg"", ""IMG_20261009_165436.jpg""]",candidate-not-published,,,not-generated,not-published,,packaged-unit,product-candidate,
wonderful-chocolate,Pistachos Wonderful Chocolate Sea Salt,Frutos secos,Pistachos,Sin cáscara; bolsa113g,CUP,6500,[6500],direct,precio-visible,,"[""IMG_20261009_165446.jpg"", ""IMG_20261009_165441.jpg""]","[""IMG_20261009_165446.jpg"", ""IMG_20261009_165441.jpg""]",candidate-not-published,,,not-generated,not-published,,packaged-unit,product-candidate,
southern-pistachios-unsalted,Pistachos Southern Grove Roasted Unsalted,Frutos secos,Pistachos,Con cáscara; bolsa,CUP,8500,[8500],direct,precio-visible,Peso pendiente,"[""IMG_20261009_165446.jpg"", ""IMG_20261009_165441.jpg""]","[""IMG_20261009_165446.jpg"", ""IMG_20261009_165441.jpg""]",candidate-not-published,,,not-generated,not-published,,packaged-unit,product-candidate,
southern-pistachios-shelled,Pistachos Southern Grove Shelled Sea Salt,Frutos secos,Pistachos,Sin cáscara; bolsa170g,CUP,6000,[6000],direct,precio-visible,,"[""IMG_20261009_165450.jpg"", ""IMG_20261009_165446.jpg""]","[""IMG_20261009_165450.jpg"", ""IMG_20261009_165446.jpg""]",candidate-not-published,,,not-generated,not-published,,packaged-unit,product-candidate,
gv-bacon-bits,Great Value Reduced Sodium Real Bacon Pieces,Alimentos,Condimentos,Bolsa71g,CUP,4700,[4700],direct,precio-visible,,"[""IMG_20261009_165450.jpg""]","[""IMG_20261009_165450.jpg""]",candidate-not-published,,,not-generated,not-published,,packaged-unit,product-candidate,
hormel-bacon,Hormel Real Crumbled Bacon Applewood,Alimentos,Condimentos,Bolsa85g,CUP,4200,[4200],direct,precio-visible,,"[""IMG_20261009_165450.jpg""]","[""IMG_20261009_165450.jpg""]",candidate-not-published,,,not-generated,not-published,,packaged-unit,product-candidate,
kirkland-trail-28,Kirkland Trail Mix Snack Packs,Frutos secos,Mezclas,Caja28 paquetes,CUP,33600,[33600],direct,precio-visible,Precio por caja; peso total pendiente,"[""IMG_20261009_165450.jpg""]","[""IMG_20261009_165450.jpg""]",candidate-not-published,,,not-generated,not-published,,packaged-unit,product-candidate,
simply-coconut-oil,Aceite de coco Simply Nature Organic,Alimentos,Aceites,Frasco,CUP,9500,[9500],direct,precio-visible,Volumen pendiente,"[""IMG_20261009_165457.jpg""]","[""IMG_20261009_165457.jpg""]",candidate-not-published,,,not-generated,not-published,,packaged-unit,product-candidate,
natures-coconut-oil,Aceite de coco Nature's Promise Organic,Alimentos,Aceites,Frasco,CUP,,[9500],shared,confirmar-precio,Cartel compartido; confirmar precio y volumen propios,"[""IMG_20261009_165457.jpg""]","[""IMG_20261009_165457.jpg""]",candidate-not-published,,,not-generated,not-published,,packaged-unit,product-candidate,
tuscan-caesar,Crutones Tuscan Garden Classic Caesar,Alimentos,Preparados,Bolsa,CUP,4000,[4000],direct,precio-visible,Peso pendiente,"[""IMG_20261009_165457.jpg""]","[""IMG_20261009_165457.jpg""]",candidate-not-published,,,not-generated,not-published,,packaged-unit,product-candidate,
tuscan-italian,Crutones Tuscan Garden Italian Seasoned,Alimentos,Preparados,Bolsa roja,CUP,,[4000],shared,confirmar-precio,Confirmar precio propio; peso pendiente,"[""IMG_20261009_165457.jpg""]","[""IMG_20261009_165457.jpg""]",candidate-not-published,,,not-generated,not-published,,packaged-unit,product-candidate,
delcampo-lentejas,Lentejas Del Campo,Alimentos,Granos,Bolsa,CUP,1400,[1400],direct,precio-visible,Peso pendiente,"[""IMG_20261009_165959.jpg"", ""IMG_20261009_165501.jpg""]","[""IMG_20261009_165501.jpg""]",prior-pending-enriched,delcampo-lentejas,/products/real/delcampo-lentejas.webp,approved-reuse,published,,packaged-unit,product-candidate,
flakes-bulk,Producto laminado en bolsa sin marca,Alimentos,Granos,Bolsa transparente alta,CUP,,[],missing,falta-precio,Identificar si es avena u otro cereal; no heredar1400,"[""IMG_20261009_165501.jpg""]","[""IMG_20261009_165501.jpg""]",candidate-not-published,,,not-generated,not-published,,packaged-unit,product-candidate,
simply-quinoa,Quinoa Simply Nature Organic,Alimentos,Granos,Bolsa454g,CUP,7600,[7600],direct,precio-visible,,"[""IMG_20261009_165507.jpg""]","[""IMG_20261009_165507.jpg""]",candidate-not-published,,,not-generated,not-published,,packaged-unit,product-candidate,
simply-flax,Linaza molida Simply Nature Organic,Alimentos,Semillas,Bolsa454g,CUP,5500,[5500],direct,precio-visible,,"[""IMG_20261009_165507.jpg""]","[""IMG_20261009_165507.jpg""]",candidate-not-published,,,not-generated,not-published,,packaged-unit,product-candidate,
organic-coconut-flour,Harina de coco Nature’s Goodness Organic,Alimentos,Harinas,Bolsa,CUP,3500,[3500],direct,precio-visible,Peso pendiente,"[""IMG_20261009_165507.jpg""]","[""IMG_20261009_165507.jpg""]",candidate-not-published,,,not-generated,not-published,,packaged-unit,product-candidate,
southern-mixed-salt,Southern Grove Deluxe Mixed Nuts Sea Salt,Frutos secos,Mezclas,Bolsa850g,CUP,20500,[20500],direct,precio-visible,,"[""IMG_20261009_165512.jpg""]","[""IMG_20261009_165512.jpg""]",candidate-not-published,,,not-generated,not-published,,packaged-unit,product-candidate,
southern-mixed-unsalt,Southern Grove Deluxe Mixed Nuts Unsalted,Frutos secos,Mezclas,Bolsa850g,CUP,20500,[20500],direct,precio-visible,,"[""IMG_20261009_165512.jpg""]","[""IMG_20261009_165512.jpg""]",candidate-not-published,,,not-generated,not-published,,packaged-unit,product-candidate,
southern-almonds,Almendras Southern Grove Whole Natural,Frutos secos,Almendras,Bolsa397g,CUP,10000,[10000],direct,precio-visible,,"[""IMG_20261009_165512.jpg""]","[""IMG_20261009_165512.jpg""]",candidate-not-published,,,not-generated,not-published,,packaged-unit,product-candidate,
southern-pumpkin,Semillas de calabaza Southern Grove Roasted Salted,Frutos secos,Semillas,Bolsa170g,CUP,5000,[5000],direct,precio-visible,,"[""IMG_20261009_165512.jpg"", ""IMG_20261009_165516.jpg""]","[""IMG_20261009_165512.jpg"", ""IMG_20261009_165516.jpg""]",candidate-not-published,,,not-generated,not-published,,packaged-unit,product-candidate,
southern-cashews-salt,Marañones Southern Grove Lightly Salted,Frutos secos,Marañones,Bolsa454g; ligeramente salados,CUP,8400,[8400],direct,precio-visible,,"[""IMG_20261009_165516.jpg""]","[""IMG_20261009_165516.jpg""]",candidate-not-published,,,not-generated,not-published,,packaged-unit,product-candidate,
southern-cashews-unsalt,Marañones Southern Grove Unsalted,Frutos secos,Marañones,Bolsa454g; sin sal,CUP,8400,[8400],direct,precio-visible,,"[""IMG_20261009_165516.jpg""]","[""IMG_20261009_165516.jpg""]",candidate-not-published,,,not-generated,not-published,,packaged-unit,product-candidate,
kirkland-cashews,Kirkland Whole Cashews Unsalted Unroasted,Frutos secos,Marañones,Bolsa1134g; orgánicos sin sal ni tostar,CUP,28800,[28800],direct,precio-visible,,"[""IMG_20261009_165516.jpg""]","[""IMG_20261009_165516.jpg""]",candidate-not-published,,,not-generated,not-published,,packaged-unit,product-candidate,
kirkland-almonds,Kirkland Roasted Almonds Sea Salt,Frutos secos,Almendras,Bolsa1134g; tostadas con sal marina,CUP,22800,[22800],direct,precio-visible,,"[""IMG_20261009_165516.jpg"", ""IMG_20261009_165521.jpg""]","[""IMG_20261009_165516.jpg"", ""IMG_20261009_165521.jpg""]",candidate-not-published,,,not-generated,not-published,,packaged-unit,product-candidate,
jojos-almond,Jojo's pistachio almond cranberry,Alimentos,Chocolate,Bolsa verde,CUP,13000,[13000],direct,precio-visible,Confirmar denominación y peso,"[""IMG_20261009_165521.jpg""]","[""IMG_20261009_165521.jpg""]",candidate-not-published,,,not-generated,not-published,,packaged-unit,product-candidate,
crispy-jalapeno,Crispy Jalapeño Pieces,Alimentos,Condimentos,Bolsa verde,CUP,5800,[5800],direct,precio-visible,Marca y peso pendientes,"[""IMG_20261009_165521.jpg""]","[""IMG_20261009_165521.jpg""]",candidate-not-published,,,not-generated,not-published,,packaged-unit,product-candidate,
thatsit-blueberry,That's It Mini Fruit Bars Blueberry,Alimentos,Snacks,Bolsa,CUP,,[],missing,falta-precio,Peso y precio propios pendientes,"[""IMG_20261009_165521.jpg""]","[""IMG_20261009_165521.jpg""]",candidate-not-published,,,not-generated,not-published,,packaged-unit,product-candidate,
millville-oats-honey,Granola Millville Protein Oats & Honey,Alimentos,Granolas,Bolsa amarilla,CUP,6000,[6000],direct,precio-visible,Peso pendiente; revisar posible pendiente granola-amarilla; comprobar identidad con granola-amarilla antes de crear SKU,"[""IMG_20261009_165526.jpg""]","[""IMG_20261009_165526.jpg""]",candidate-not-published,,,not-generated,not-published,,packaged-unit,product-candidate,"[""granola-amarilla""]"
millville-darkchocolate,Granola Millville Protein Oats & Dark Chocolate,Alimentos,Granolas,Bolsa naranja,CUP,,[6000],shared,confirmar-precio,Precio propio y peso pendientes,"[""IMG_20261009_165526.jpg""]","[""IMG_20261009_165526.jpg""]",candidate-not-published,,,not-generated,not-published,,packaged-unit,product-candidate,
millville-cranberry,Granola Millville Protein Cranberry & Almond,Alimentos,Granolas,Bolsa roja,CUP,,[6000],shared,confirmar-precio,Precio propio y peso pendientes,"[""IMG_20261009_165526.jpg""]","[""IMG_20261009_165526.jpg""]",candidate-not-published,,,not-generated,not-published,,packaged-unit,product-candidate,
trader-passion,Granola Trader Joe's Passion Fruit,Alimentos,Granolas,Bolsa340g; frambuesas secas,CUP,8500,[8500],direct,precio-visible,,"[""IMG_20261009_165530.jpg"", ""IMG_20261009_165536.jpg""]","[""IMG_20261009_165530.jpg"", ""IMG_20261009_165536.jpg""]",candidate-not-published,,,not-generated,not-published,,packaged-unit,product-candidate,
trader-vanilla,Granola Trader Joe's Vanilla Almond,Alimentos,Granolas,Bolsa454g,CUP,8000,[8000],direct,precio-visible,,"[""IMG_20261009_165530.jpg"", ""IMG_20261009_165536.jpg""]","[""IMG_20261009_165530.jpg"", ""IMG_20261009_165536.jpg""]",candidate-not-published,,,not-generated,not-published,,packaged-unit,product-candidate,
trader-maple,Granola Trader Joe's Maple Pecan,Alimentos,Granolas,Bolsa454g,CUP,,[],missing,falta-precio,Sin cartel propio; no heredar8500 o8000,"[""IMG_20261009_165530.jpg"", ""IMG_20261009_165536.jpg""]","[""IMG_20261009_165530.jpg"", ""IMG_20261009_165536.jpg""]",candidate-not-published,,,not-generated,not-published,,packaged-unit,product-candidate,
trader-salted-honey,Granola Trader Joe's Salted Almond Honey,Alimentos,Granolas,Bolsa340g,CUP,,[],missing,falta-precio,Precio propio pendiente,"[""IMG_20261009_165530.jpg"", ""IMG_20261009_165536.jpg""]","[""IMG_20261009_165530.jpg"", ""IMG_20261009_165536.jpg""]",candidate-not-published,,,not-generated,not-published,,packaged-unit,product-candidate,
bettergoods-granola,Granola Bettergoods Chocolate Sea Salt,Alimentos,Granolas,Bolsa311g,CUP,6200,[6200],direct,precio-visible,,"[""IMG_20261009_165530.jpg""]","[""IMG_20261009_165530.jpg""]",candidate-not-published,,,not-generated,not-published,,packaged-unit,product-candidate,
gv-protein-granola,Granola Great Value Oats & Honey Protein,Alimentos,Granolas,Bolsa311g,CUP,5800,[5800],direct,precio-visible,,"[""IMG_20261009_165530.jpg""]","[""IMG_20261009_165530.jpg""]",candidate-not-published,,,not-generated,not-published,,packaged-unit,product-candidate,
members-honey-granola,Granola Member's Mark Honey Almond,Alimentos,Granolas,Bolsa,CUP,15000,[15000],direct,precio-visible,Peso pendiente,"[""IMG_20261009_165536.jpg"", ""IMG_20261009_165541.jpg""]","[""IMG_20261009_165536.jpg"", ""IMG_20261009_165541.jpg""]",candidate-not-published,,,not-generated,not-published,,packaged-unit,product-candidate,
purely-vanilla-granola,Granola Purely Elizabeth Vanilla Almond,Alimentos,Granolas,Bolsa,CUP,,[],missing,falta-precio,Precio y peso propios pendientes,"[""IMG_20261009_165536.jpg""]","[""IMG_20261009_165536.jpg""]",candidate-not-published,,,not-generated,not-published,,packaged-unit,product-candidate,
maggi-sazon,Maggi Sazón Completo,Alimentos,Condimentos,Frasco180g,CUP,2150,[2150],direct,precio-visible,,"[""IMG_20261009_170237.jpg""]","[""IMG_20261009_170237.jpg""]",candidate-not-published,,,not-generated,not-published,,packaged-unit,product-candidate,
carmencita-salrosa,Sal rosa Carmencita molinillo,Alimentos,Condimentos,Molinillo grande,CUP,,[11000],shared,confirmar-precio,Precio compartido entre molinillos; confirmar variante,"[""IMG_20261009_170237.jpg""]","[""IMG_20261009_170237.jpg""]",candidate-not-published,,,not-generated,not-published,,packaged-unit,product-candidate,
carmencita-sal3,Sal y3 pimientas Carmencita molinillo,Alimentos,Condimentos,Molinillo grande,CUP,,[11000],shared,confirmar-precio,Precio compartido; confirmar denominación,"[""IMG_20261009_170237.jpg""]","[""IMG_20261009_170237.jpg""]",candidate-not-published,,,not-generated,not-published,,packaged-unit,product-candidate,
carmencita-pimienta,Pimienta negra Carmencita molinillo,Alimentos,Condimentos,Molinillo grande,CUP,,[11000],shared,confirmar-precio,Precio compartido; peso pendiente,"[""IMG_20261009_170237.jpg""]","[""IMG_20261009_170237.jpg""]",candidate-not-published,,,not-generated,not-published,,packaged-unit,product-candidate,
carmencita-pimientas,Mezcla de pimientas Carmencita molinillo,Alimentos,Condimentos,Molinillo grande,CUP,,[11000],shared,confirmar-precio,Precio compartido; variante exacta pendiente,"[""IMG_20261009_170237.jpg""]","[""IMG_20261009_170237.jpg""]",candidate-not-published,,,not-generated,not-published,,packaged-unit,product-candidate,
danos-original,Dan-O's Original Seasoning,Alimentos,Condimentos,Frasco,CUP,8500,[8500],direct,precio-visible,Peso pendiente,"[""IMG_20261009_170241.jpg""]","[""IMG_20261009_170241.jpg""]",candidate-not-published,,,not-generated,not-published,,packaged-unit,product-candidate,
badia-adobo,Badia Adobo,Alimentos,Condimentos,Frasco,CUP,3800,[3800],direct,precio-visible,Peso pendiente,"[""IMG_20261009_170241.jpg""]","[""IMG_20261009_170241.jpg""]",candidate-not-published,,,not-generated,not-published,,packaged-unit,product-candidate,
worcestershire-leaperrins,Salsa Lea & Perrins Worcestershire,Alimentos,Salsas,Botella,CUP,12800,[12800],direct,precio-visible,Volumen pendiente,"[""IMG_20261009_170250.jpg""]","[""IMG_20261009_170250.jpg""]",candidate-not-published,,,not-generated,not-published,,packaged-unit,product-candidate,
kens-ranch,Ken's Ranch Dressing,Alimentos,Salsas,Botella,CUP,5500,[5500],direct,precio-visible,Confirmar denominación completa y volumen,"[""IMG_20261009_170250.jpg""]","[""IMG_20261009_170250.jpg""]",candidate-not-published,,,not-generated,not-published,,packaged-unit,product-candidate,
hot-sauce,Salsa picante botella roja,Alimentos,Salsas,Botella,CUP,,[],missing,falta-precio,Marca variante volumen y precio propios pendientes,"[""IMG_20261009_170250.jpg""]","[""IMG_20261009_170250.jpg""]",candidate-not-published,,,not-generated,not-published,,packaged-unit,product-candidate,
italian-dressing,Aderezo italiano botella blanca,Alimentos,Salsas,Botella,CUP,9000,[9000],direct,precio-visible,Marca variante y volumen pendientes,"[""IMG_20261009_170250.jpg""]","[""IMG_20261009_170250.jpg""]",candidate-not-published,,,not-generated,not-published,,packaged-unit,product-candidate,
lime-juice,Jugo de lima botella verde,Alimentos,Salsas,Botella,CUP,2200,[2200],direct,precio-visible,Marca y volumen pendientes,"[""IMG_20261009_170250.jpg""]","[""IMG_20261009_170250.jpg""]",candidate-not-published,,,not-generated,not-published,,packaged-unit,product-candidate,
spray-oil,Aceite en spray,Alimentos,Aceites,Envases con atomizador azul,CUP,,[2300],shared,confirmar-precio,Separar marcas variedades y precio propio,"[""IMG_20261009_170250.jpg""]","[""IMG_20261009_170250.jpg""]",candidate-not-published,,,not-generated,not-published,,packaged-unit,product-candidate,
apti-basil,Albahaca Apti Manjericão,Alimentos,Condimentos,Sobre5g,CUP,500,[500],direct,precio-visible,,"[""IMG_20261009_170254.jpg"", ""IMG_20261009_170250.jpg""]","[""IMG_20261009_170254.jpg"", ""IMG_20261009_170250.jpg""]",candidate-not-published,,,not-generated,not-published,,packaged-unit,product-candidate,
carmencita-paella,Carmencita Sazonador Paella,Alimentos,Condimentos,Frasco,CUP,1700,[1700],direct,precio-visible,Peso pendiente,"[""IMG_20261009_170254.jpg""]","[""IMG_20261009_170254.jpg""]",candidate-not-published,,,not-generated,not-published,,packaged-unit,product-candidate,
colonna-ranch,Colonna Ranch Seasoning,Alimentos,Condimentos,Frasco99g,CUP,1300,[1300],direct,precio-visible,,"[""IMG_20261009_170254.jpg""]","[""IMG_20261009_170254.jpg""]",candidate-not-published,,,not-generated,not-published,,packaged-unit,product-candidate,
supreme-black-pepper,Supreme Tradition Black Pepper Ground,Alimentos,Condimentos,Caja,CUP,2100,[2100],direct,precio-visible,Peso pendiente,"[""IMG_20261009_170254.jpg""]","[""IMG_20261009_170254.jpg""]",candidate-not-published,,,not-generated,not-published,,packaged-unit,product-candidate,
carmencita-molinillo-pimienta,Molinillo Carmencita Pimienta,Alimentos,Condimentos,Frasco,CUP,,[3100],shared,confirmar-precio,Cartel3100 cubre varios molinillos; identificar variante antes de unir registros,"[""IMG_20261009_170254.jpg""]","[""IMG_20261009_170254.jpg""]",candidate-not-published,,,not-generated,not-published,,packaged-unit,product-candidate,
varveio-balsamico,Varveio Aceto Balsamico di Modena,Alimentos,Vinagres,Botella500mL,CUP,3500,[3500],direct,precio-visible,,"[""IMG_20261009_170303_1.jpg"", ""IMG_20261009_170306_1.jpg""]","[""IMG_20261009_170303_1.jpg"", ""IMG_20261009_170306_1.jpg""]",candidate-not-published,,,not-generated,not-published,,packaged-unit,product-candidate,
varveio-manzana,Varveio Aceto di Mele,Alimentos,Vinagres,Botella,CUP,,[3500],shared,confirmar-precio,Confirmar precio propio,"[""IMG_20261009_170303_1.jpg""]","[""IMG_20261009_170303_1.jpg""]",candidate-not-published,,,not-generated,not-published,,packaged-unit,product-candidate,
vima-vino-vinagre,Vinagre de vino Vima,Alimentos,Vinagres,Botella,CUP,2000,[2000],direct,precio-visible,Volumen pendiente,"[""IMG_20261009_170303_1.jpg""]","[""IMG_20261009_170303_1.jpg""]",candidate-not-published,,,not-generated,not-published,,packaged-unit,product-candidate,
milideas-vinagre,Vinagre de vino Milideas,Alimentos,Vinagres,Botella plástica,CUP,1700,[1700],direct,precio-visible,Confirmar marca y volumen,"[""IMG_20261009_170303_1.jpg""]","[""IMG_20261009_170303_1.jpg""]",candidate-not-published,,,not-generated,not-published,,packaged-unit,product-candidate,
badia-lemon,Jugo de limón Badia,Alimentos,Salsas,Botella,CUP,2100,[2100],direct,precio-visible,Volumen pendiente,"[""IMG_20261009_170306_1.jpg"", ""IMG_20261009_170308_1.jpg""]","[""IMG_20261009_170306_1.jpg"", ""IMG_20261009_170308_1.jpg""]",candidate-not-published,,,not-generated,not-published,,packaged-unit,product-candidate,
badia-mojo,Badia Mojo Marinade,Alimentos,Salsas,Botella,CUP,1500,[1500],direct,precio-visible,Volumen pendiente,"[""IMG_20261009_170306_1.jpg"", ""IMG_20261009_170308_1.jpg""]","[""IMG_20261009_170306_1.jpg"", ""IMG_20261009_170308_1.jpg""]",candidate-not-published,,,not-generated,not-published,,packaged-unit,product-candidate,
badia-naranja,Badia Naranja Agria,Alimentos,Salsas,Botella,CUP,2000,[2000],direct,precio-visible,Volumen pendiente,"[""IMG_20261009_170306_1.jpg"", ""IMG_20261009_170308_1.jpg""]","[""IMG_20261009_170306_1.jpg"", ""IMG_20261009_170308_1.jpg""]",candidate-not-published,,,not-generated,not-published,,packaged-unit,product-candidate,
varveio-condimento,Varveio Condimento,Alimentos,Vinagres,Botella,CUP,3300,[3300],direct,precio-visible,Tipo exacto y volumen pendientes,"[""IMG_20261009_170306_1.jpg"", ""IMG_20261009_170308_1.jpg""]","[""IMG_20261009_170306_1.jpg"", ""IMG_20261009_170308_1.jpg""]",candidate-not-published,,,not-generated,not-published,,packaged-unit,product-candidate,
carbonell-balsamico,Vinagre balsámico Carbonell,Alimentos,Vinagres,Botella,CUP,3500,[3500],direct,precio-visible,Volumen pendiente,"[""IMG_20261009_170306_1.jpg"", ""IMG_20261009_170308_1.jpg""]","[""IMG_20261009_170306_1.jpg"", ""IMG_20261009_170308_1.jpg""]",candidate-not-published,,,not-generated,not-published,,packaged-unit,product-candidate,
gourmet-vinagre,Vinagre Gourmet,Alimentos,Vinagres,Botella,CUP,1100,[1100],direct,precio-visible,Variante y volumen pendientes,"[""IMG_20261009_170306_1.jpg""]","[""IMG_20261009_170306_1.jpg""]",candidate-not-published,,,not-generated,not-published,,packaged-unit,product-candidate,
vinagre-blanco,Vinagre blanco botella transparente,Alimentos,Vinagres,Botella,CUP,1450,[1450],direct,precio-visible,Marca y volumen pendientes,"[""IMG_20261009_170308_1.jpg""]","[""IMG_20261009_170308_1.jpg""]",candidate-not-published,,,not-generated,not-published,,packaged-unit,product-candidate,
hersheys-syrup,Sirope de chocolate Hershey's,Alimentos,Siropes,Botella grande,CUP,13000,[13000],direct,precio-visible,Peso pendiente,"[""IMG_20261009_170311_1.jpg""]","[""IMG_20261009_170311_1.jpg""]",candidate-not-published,,,not-generated,not-published,,packaged-unit,product-candidate,
millville-butter-syrup,Millville Butter Syrup,Alimentos,Siropes,Botella,CUP,,[5000],shared,confirmar-precio,Cartel de grupo; confirmar precio propio,"[""IMG_20261009_170314.jpg""]","[""IMG_20261009_170314.jpg""]",candidate-not-published,,,not-generated,not-published,,packaged-unit,product-candidate,
millville-lite-syrup,Millville Lite Syrup,Alimentos,Siropes,Botella,CUP,,[5000],shared,confirmar-precio,Cartel de grupo; confirmar precio propio,"[""IMG_20261009_170314.jpg""]","[""IMG_20261009_170314.jpg""]",candidate-not-published,,,not-generated,not-published,,packaged-unit,product-candidate,
fresco-maple,Fresco Maple Syrup,Alimentos,Siropes,Botella,CUP,,[5000],shared,confirmar-precio,Cartel compartido; confirmar marca peso precio,"[""IMG_20261009_170314.jpg""]","[""IMG_20261009_170314.jpg""]",candidate-not-published,,,not-generated,not-published,,packaged-unit,product-candidate,
vanilla-bottle,Vainilla botella amarilla,Alimentos,Siropes,Botella,CUP,,[5000],shared,confirmar-precio,Marca presentación y precio propios pendientes,"[""IMG_20261009_170314.jpg""]","[""IMG_20261009_170314.jpg""]",candidate-not-published,,,not-generated,not-published,,packaged-unit,product-candidate,
sirape-bottle,Sirape botella dorada,Alimentos,Siropes,Botella,CUP,,[5000],shared,confirmar-precio,Marca sabor y precio propios pendientes,"[""IMG_20261009_170314.jpg""]","[""IMG_20261009_170314.jpg""]",candidate-not-published,,,not-generated,not-published,,packaged-unit,product-candidate,
welchs-grape,Welch's Grape,Alimentos,Mermeladas,Frasco pequeño,CUP,1000,[1000],direct,precio-visible,Confirmar presentación y peso,"[""IMG_20261009_170314.jpg""]","[""IMG_20261009_170314.jpg""]",candidate-not-published,,,not-generated,not-published,,packaged-unit,product-candidate,
helios-manzana,Mermelada Helios Manzana,Alimentos,Mermeladas,Frasco,CUP,,[3900],shared,confirmar-precio,Confirmar marca y peso,"[""IMG_20261009_170320_1.jpg""]","[""IMG_20261009_170320_1.jpg""]",candidate-not-published,,,not-generated,not-published,,packaged-unit,product-candidate,
helios-ciruela-kiwi,Mermelada Helios Ciruela y Kiwi,Alimentos,Mermeladas,Frasco,CUP,,[3900],shared,confirmar-precio,Precio propio pendiente,"[""IMG_20261009_170320_1.jpg""]","[""IMG_20261009_170320_1.jpg""]",candidate-not-published,,,not-generated,not-published,,packaged-unit,product-candidate,
helios-fresa-arandano,Mermelada Helios Fresa y Arándano rojo,Alimentos,Mermeladas,Frasco,CUP,,[3900],shared,confirmar-precio,Precio propio pendiente,"[""IMG_20261009_170320_1.jpg""]","[""IMG_20261009_170320_1.jpg""]",candidate-not-published,,,not-generated,not-published,,packaged-unit,product-candidate,
mermelada-amarilla,Mermelada frasco amarillo,Alimentos,Mermeladas,Frasco,CUP,3900,[3900],direct,precio-visible,Marca sabor peso pendientes,"[""IMG_20261009_170320_1.jpg""]","[""IMG_20261009_170320_1.jpg""]",candidate-not-published,,,not-generated,not-published,,packaged-unit,product-candidate,
caramel-syrup,Caramel Syrup,Alimentos,Siropes,Botella,CUP,2400,[2400],direct,precio-visible,Marca peso pendientes,"[""IMG_20261009_170320_1.jpg""]","[""IMG_20261009_170320_1.jpg""]",candidate-not-published,,,not-generated,not-published,,packaged-unit,product-candidate,
pampa-fruit-spread,Pampa Fruit Spread fresa y uva,Alimentos,Mermeladas,Botellas539g; familia por separar,CUP,,[4400],shared,confirmar-precio,Separar fresa y uva y confirmar precio por sabor,"[""IMG_20261009_170320_1.jpg""]","[""IMG_20261009_170320_1.jpg""]",candidate-not-published,,,not-generated,not-published,,packaged-unit,product-candidate,
cafe-frasco,Café instantáneo frasco rectangular,Alimentos,Café,Tapones rojo y negro,CUP,,[5700],shared,confirmar-precio,Separar marca y tamaño; no confirmar todos con5700,"[""IMG_20261009_170330.jpg"", ""IMG_20261009_170333.jpg""]","[""IMG_20261009_170330.jpg"", ""IMG_20261009_170333.jpg""]",candidate-not-published,,,not-generated,not-published,,packaged-unit,product-candidate,
nescafe-small,Café Nescafé frasco pequeño,Alimentos,Café,Frasco,CUP,5600,[5600],direct,precio-visible,Variante y peso pendientes,"[""IMG_20261009_170330.jpg""]","[""IMG_20261009_170330.jpg""]",candidate-not-published,,,not-generated,not-published,,packaged-unit,product-candidate,
nescafe-tasters,Café Nescafé Taster's Choice,Alimentos,Café,Frasco grande,CUP,26000,[26000],direct,precio-visible,Peso pendiente,"[""IMG_20261009_170330.jpg""]","[""IMG_20261009_170330.jpg""]",candidate-not-published,,,not-generated,not-published,,packaged-unit,product-candidate,
nescafe-clasico,Café Nescafé Clásico,Alimentos,Café,Frasco grande,CUP,27500,[27500],direct,precio-visible,Peso pendiente,"[""IMG_20261009_170330.jpg""]","[""IMG_20261009_170330.jpg""]",candidate-not-published,,,not-generated,not-published,,packaged-unit,product-candidate,
coffeemate-frascos,Nestlé Coffee Mate frasco,Alimentos,Café,Frascos tapón rojo,CUP,,[3800],shared,confirmar-precio,Separar peso o variantes y confirmar precio propio,"[""IMG_20261009_170333.jpg""]","[""IMG_20261009_170333.jpg""]",candidate-not-published,,,not-generated,not-published,,packaged-unit,product-candidate,
coffee-mate-bolsa,Nestlé Coffee Mate bolsa,Alimentos,Café,Bolsa roja,CUP,2200,[2200],direct,precio-visible,Peso pendiente,"[""IMG_20261009_170336.jpg"", ""IMG_20261009_170333.jpg""]","[""IMG_20261009_170336.jpg"", ""IMG_20261009_170333.jpg""]",candidate-not-published,,,not-generated,not-published,,packaged-unit,product-candidate,
splenda-small,Splenda,Alimentos,Endulzantes,Envase pequeño,CUP,,[4300],shared,confirmar-precio,Variante y cantidad pendientes,"[""IMG_20261009_170333.jpg""]","[""IMG_20261009_170333.jpg""]",candidate-not-published,,,not-generated,not-published,,packaged-unit,product-candidate,
coffee-sebraz-250,Café Sebraz Extra Forte,Alimentos,Café,Bolsa roja,CUP,2500,[2500],direct,precio-visible,Peso pendiente,"[""IMG_20261009_170341.jpg"", ""IMG_20261009_170336.jpg""]","[""IMG_20261009_170341.jpg"", ""IMG_20261009_170336.jpg""]",candidate-not-published,,,not-generated,not-published,,packaged-unit,product-candidate,
coffee-sebraz-other,Café Sebraz otra presentación,Alimentos,Café,Bolsa roja,CUP,,[2200],ambiguous,confirmar-precio,Determinar peso; no duplicar2500 sin confirmar formato,"[""IMG_20261009_170336.jpg""]","[""IMG_20261009_170336.jpg""]",candidate-not-published,,,not-generated,not-published,,packaged-unit,product-candidate,
coffee-mcdaniels,Café McDaniel's Instant,Alimentos,Café,Bolsa amarilla,CUP,4900,[4900],direct,precio-visible,Peso pendiente,"[""IMG_20261009_170336.jpg""]","[""IMG_20261009_170336.jpg""]",candidate-not-published,,,not-generated,not-published,,packaged-unit,product-candidate,
coffee-whitener,Country Coffee Whitener,Alimentos,Café,Bolsa,CUP,3000,[3000],direct,precio-visible,Peso pendiente; confirmar marca,"[""IMG_20261009_170336.jpg""]","[""IMG_20261009_170336.jpg""]",candidate-not-published,,,not-generated,not-published,,packaged-unit,product-candidate,
coffee-dark-bag,Café bolsa oscura,Alimentos,Café,Bolsa,CUP,4200,[4200],direct,precio-visible,Marca variante y peso pendientes,"[""IMG_20261009_170341.jpg""]","[""IMG_20261009_170341.jpg""]",candidate-not-published,,,not-generated,not-published,,packaged-unit,product-candidate,
nesquik-choco-tin,Nesquik Chocolate,Alimentos,Cacao,Envase grande amarillo,CUP,18000,[18000],direct,precio-visible,Peso pendiente,"[""IMG_20261009_170346_1.jpg""]","[""IMG_20261009_170346_1.jpg""]",candidate-not-published,,,not-generated,not-published,,packaged-unit,product-candidate,
nesquik-straw-tin,Nesquik Strawberry,Alimentos,Cacao,Envase grande amarillo,CUP,16500,[16500],direct,precio-visible,Peso pendiente,"[""IMG_20261009_170346_1.jpg""]","[""IMG_20261009_170346_1.jpg""]",candidate-not-published,,,not-generated,not-published,,packaged-unit,product-candidate,
colacao-original,ColaCao Original,Alimentos,Cacao,Envase grande,CUP,10200,[10200],direct,precio-visible,Peso pendiente,"[""IMG_20261009_170351.jpg""]","[""IMG_20261009_170351.jpg""]",candidate-not-published,,,not-generated,not-published,,packaged-unit,product-candidate,
colacao-turbo,ColaCao Turbo,Alimentos,Cacao,Envase pequeño,CUP,6500,[6500],direct,precio-visible,Peso pendiente,"[""IMG_20261009_170351.jpg""]","[""IMG_20261009_170351.jpg""]",candidate-not-published,,,not-generated,not-published,,packaged-unit,product-candidate,
nesquik-choco-bag,Nesquik Chocolate bolsa,Alimentos,Cacao,15vasos según frontal,CUP,5500,[5500],direct,precio-visible,Peso pendiente,"[""IMG_20261009_170351.jpg""]","[""IMG_20261009_170351.jpg""]",candidate-not-published,,,not-generated,not-published,,packaged-unit,product-candidate,
chocolisto-choco,Choco Listo Chocolate,Alimentos,Cacao,Envase naranja,CUP,4800,[4800],direct,precio-visible,Peso pendiente,"[""IMG_20261009_170358.jpg"", ""IMG_20261009_170402.jpg""]","[""IMG_20261009_170358.jpg"", ""IMG_20261009_170402.jpg""]",candidate-not-published,,,not-generated,not-published,,packaged-unit,product-candidate,
chocolisto-straw,Choco Listo Strawberry,Alimentos,Cacao,Bolsa naranja,CUP,3000,[3000],direct,precio-visible,Peso pendiente,"[""IMG_20261009_170358.jpg""]","[""IMG_20261009_170358.jpg""]",candidate-not-published,,,not-generated,not-published,,packaged-unit,product-candidate,
cacao-black,Cacao amargo en polvo bolsa negra,Alimentos,Cacao,Bolsa,CUP,3000,[3000],direct,precio-visible,Marca y peso pendientes,"[""IMG_20261009_170358.jpg"", ""IMG_20261009_170402.jpg""]","[""IMG_20261009_170358.jpg"", ""IMG_20261009_170402.jpg""]",candidate-not-published,,,not-generated,not-published,,packaged-unit,product-candidate,
cacao-brown,Cacao amargo en polvo bolsa marrón,Alimentos,Cacao,Bolsa,CUP,3000,[3000],direct,precio-visible,Marca y peso pendientes; comprobar si otra presentación de cacao-black,"[""IMG_20261009_170402.jpg""]","[""IMG_20261009_170402.jpg""]",candidate-not-published,,,not-generated,not-published,,packaged-unit,product-candidate,
te-limon,Té Doblet de limón,Alimentos,Infusiones,Caja,CUP,,[2000],shared,confirmar-precio,Confirmar marca y cantidad,"[""IMG_20261009_170404.jpg""]","[""IMG_20261009_170404.jpg""]",candidate-not-published,,,not-generated,not-published,,packaged-unit,product-candidate,
te-manzanilla,Té Doblet de manzanilla,Alimentos,Infusiones,Caja,CUP,,[2000],shared,confirmar-precio,Confirmar marca cantidad precio por sabor,"[""IMG_20261009_170404.jpg""]","[""IMG_20261009_170404.jpg""]",candidate-not-published,,,not-generated,not-published,,packaged-unit,product-candidate,
te-hierbabuena,Té Doblet de hierbabuena,Alimentos,Infusiones,Caja,CUP,,[2000],shared,confirmar-precio,Confirmar marca cantidad precio por sabor,"[""IMG_20261009_170404.jpg""]","[""IMG_20261009_170404.jpg""]",candidate-not-published,,,not-generated,not-published,,packaged-unit,product-candidate,
te-manzanilla-jengibre,Té Doblet manzanilla con jengibre,Alimentos,Infusiones,Caja,CUP,900,[900],direct,precio-visible,Cantidad pendiente,"[""IMG_20261009_170406_1.jpg""]","[""IMG_20261009_170406_1.jpg""]",candidate-not-published,,,not-generated,not-published,,packaged-unit,product-candidate,
te-manzanilla-arandano,Té Doblet manzanilla con arándano,Alimentos,Infusiones,Caja,CUP,,[900],shared,confirmar-precio,Precio propio y cantidad pendientes,"[""IMG_20261009_170406_1.jpg""]","[""IMG_20261009_170406_1.jpg""]",candidate-not-published,,,not-generated,not-published,,packaged-unit,product-candidate,
vima-albondigas-lata,Albóndigas en salsa Vima,Conservas,Preparados,Lata,CUP,1450,[1450],direct,precio-visible,Variante y peso pendientes,"[""IMG_20261009_170410_1.jpg"", ""IMG_20261009_170406_1.jpg""]","[""IMG_20261009_170410_1.jpg"", ""IMG_20261009_170406_1.jpg""]",candidate-not-published,,,not-generated,not-published,,packaged-unit,product-candidate,
plumrose-lata,Producto Plumrose en lata,Conservas,Carnes,Lata amarilla,CUP,1200,[1200],direct,precio-visible,Confirmar denominación y peso,"[""IMG_20261009_170410_1.jpg""]","[""IMG_20261009_170410_1.jpg""]",candidate-not-published,,,not-generated,not-published,,packaged-unit,product-candidate,
novo-lata,Producto Novo en lata,Conservas,Carnes,Lata azul,CUP,2000,[2000],direct,precio-visible,Confirmar denominación y peso,"[""IMG_20261009_170410_1.jpg""]","[""IMG_20261009_170410_1.jpg""]",candidate-not-published,,,not-generated,not-published,,packaged-unit,product-candidate,
peanut-cookies-18,Peanut Butter Sandwich Cookies18Pack,Alimentos,Galletas,Caja18paquetes,CUP,2500,[2500],direct,precio-visible,Marca pendiente; unidad de venta confirmar,"[""IMG_20261009_170417.jpg""]","[""IMG_20261009_170417.jpg""]",candidate-not-published,,,not-generated,not-published,,packaged-unit,product-candidate,
trasto-rollos,Galletas Trasto Roll,Alimentos,Galletas,Tubos,CUP,,[],missing,falta-precio,Variante y precio propios pendientes,"[""IMG_20261009_170417.jpg""]","[""IMG_20261009_170417.jpg""]",candidate-not-published,,,not-generated,not-published,,packaged-unit,product-candidate,
candy-green-bottle,Golosina botella verde,Alimentos,Golosinas,Unidad,CUP,,[],missing,falta-precio,Marca denominación y precio propios pendientes,"[""IMG_20261009_170417.jpg""]","[""IMG_20261009_170417.jpg""]",candidate-not-published,,,not-generated,not-published,,packaged-unit,product-candidate,
britannia-biscafe,Galletas Britannia Biscafé,Alimentos,Galletas,Caja,CUP,2300,[2300],direct,precio-visible,Peso pendiente,"[""IMG_20261009_170421.jpg""]","[""IMG_20261009_170421.jpg""]",candidate-not-published,,,not-generated,not-published,,packaged-unit,product-candidate,
gourmet-double,Galletas Gourmet Double,Alimentos,Galletas,Paquete pequeño,CUP,100,[100],direct,precio-visible,Peso pendiente,"[""IMG_20261009_170428_1.jpg"", ""IMG_20261009_170421.jpg""]","[""IMG_20261009_170428_1.jpg"", ""IMG_20261009_170421.jpg""]",candidate-not-published,,,not-generated,not-published,,packaged-unit,product-candidate,
supremos-packet,Caramelos Supremos,Alimentos,Golosinas,Sobres tofococo MiFiesta y otros,CUP,,[300],shared,confirmar-precio,Separar variantes por etiqueta y peso,"[""IMG_20261009_170440_1.jpg"", ""IMG_20261009_170501.jpg""]","[""IMG_20261009_170440_1.jpg"", ""IMG_20261009_170501.jpg""]",candidate-not-published,,,not-generated,not-published,,packaged-unit,product-candidate,
ricoss-280,Golosinas Ricoss280g,Alimentos,Golosinas,Cajas de colores,CUP,,[1500],shared,confirmar-precio,Separar sabores y confirmar precio propio,"[""IMG_20261009_170440_1.jpg"", ""IMG_20261009_170501.jpg""]","[""IMG_20261009_170440_1.jpg"", ""IMG_20261009_170501.jpg""]",candidate-not-published,,,not-generated,not-published,,packaged-unit,product-candidate,
fruit-straw-45,Golosina sabor fresa45g,Alimentos,Golosinas,Bolsa roja,CUP,,[2500],ambiguous,confirmar-precio,Marca y unidad de venta pendientes; puedeprecio por tira,"[""IMG_20261009_170447_1.jpg""]","[""IMG_20261009_170447_1.jpg""]",candidate-not-published,,,not-generated,not-published,,packaged-unit,product-candidate,
trident-1350,Chicle Trident,Alimentos,Chicles,Caja azul,CUP,1350,[1350],direct,precio-visible,Confirmar unidad venta y sabor,"[""IMG_20261009_170504.jpg"", ""IMG_20261009_170501.jpg""]","[""IMG_20261009_170504.jpg"", ""IMG_20261009_170501.jpg""]",candidate-not-published,,,not-generated,not-published,,packaged-unit,product-candidate,
extra-gum,Chicle Extra,Alimentos,Chicles,Varios colores,CUP,,[3500],shared,confirmar-precio,Separar sabores y presentación; confirmar si precio por caja,"[""IMG_20261009_170501.jpg"", ""IMG_20261009_170504.jpg""]","[""IMG_20261009_170501.jpg"", ""IMG_20261009_170504.jpg""]",candidate-not-published,,,not-generated,not-published,,packaged-unit,product-candidate,
five-gum,Chicle5Gum,Alimentos,Chicles,Caja negra,CUP,3500,[3500],direct,precio-visible,Confirmar sabor y unidad venta,"[""IMG_20261009_170501.jpg"", ""IMG_20261009_170504.jpg""]","[""IMG_20261009_170501.jpg"", ""IMG_20261009_170504.jpg""]",candidate-not-published,,,not-generated,not-published,,packaged-unit,product-candidate,
bauducco-wafer-straw,Wafer Bauducco fresa,Alimentos,Galletas,Paquete,CUP,1300,[1300],direct,precio-visible,Peso pendiente,"[""IMG_20261009_170518.jpg""]","[""IMG_20261009_170518.jpg""]",candidate-not-published,,,not-generated,not-published,,packaged-unit,product-candidate,
bauducco-wafer-choco,Wafer Bauducco chocolate,Alimentos,Galletas,Paquete,CUP,,[1500],ambiguous,confirmar-precio,Etiqueta raspada; ampliar precio y peso antes de fijar importe,"[""IMG_20261009_170518.jpg""]","[""IMG_20261009_170518.jpg""]",candidate-not-published,,,not-generated,not-published,,packaged-unit,product-candidate,
bauducco-maria,Galletas Bauducco Maria,Alimentos,Galletas,Rollo,CUP,1200,[1200],direct,precio-visible,Peso pendiente,"[""IMG_20261009_170532.jpg""]","[""IMG_20261009_170532.jpg""]",candidate-not-published,,,not-generated,not-published,,packaged-unit,product-candidate,
berry-croco,Cereal Berry Croco Crunch,Alimentos,Cereales,Caja,CUP,3400,[3400],direct,precio-visible,Peso y marca pendientes,"[""IMG_20261009_170540.jpg""]","[""IMG_20261009_170540.jpg""]",candidate-not-published,,,not-generated,not-published,,packaged-unit,product-candidate,
morgin-coconut,Morgin Coconut Wheat & Rice,Alimentos,Cereales,Caja250g,CUP,,[450],ambiguous,confirmar-precio,Confirmar cifra y denominación exacta,"[""IMG_20261009_170540.jpg""]","[""IMG_20261009_170540.jpg""]",candidate-not-published,,,not-generated,not-published,,packaged-unit,product-candidate,
quaker-fruitcream,Quaker Instant Oatmeal Fruit & Cream,Alimentos,Cereales,Caja40paquetes,CUP,,[19000],ambiguous,confirmar-precio,Precio escrito en envase; lectura ampliar,"[""IMG_20261009_170540.jpg""]","[""IMG_20261009_170540.jpg""]",candidate-not-published,,,not-generated,not-published,,packaged-unit,product-candidate,
kitkat-minis,KitKat Minis,Alimentos,Chocolate,Bolsa,CUP,19500,[19500],direct,precio-visible,Peso pendiente,"[""IMG_20261009_170543_1.jpg""]","[""IMG_20261009_170543_1.jpg""]",candidate-not-published,,,not-generated,not-published,,packaged-unit,product-candidate,
cocoa-pebbles-cup,Cocoa Pebbles vaso,Alimentos,Cereales,Vaso individual,CUP,,[1800],shared,confirmar-precio,Confirmar precio propio,"[""IMG_20261009_170543_1.jpg""]","[""IMG_20261009_170543_1.jpg""]",candidate-not-published,,,not-generated,not-published,,packaged-unit,product-candidate,
honeybunches-cup,Honey Bunches of Oats vaso,Alimentos,Cereales,Vaso individual,CUP,,[1800],shared,confirmar-precio,Confirmar precio propio,"[""IMG_20261009_170543_1.jpg""]","[""IMG_20261009_170543_1.jpg""]",candidate-not-published,,,not-generated,not-published,,packaged-unit,product-candidate,
frostedflakes-cup,Frosted Flakes vaso,Alimentos,Cereales,Vaso individual,CUP,,[1800],shared,confirmar-precio,Confirmar precio propio,"[""IMG_20261009_170543_1.jpg"", ""IMG_20261009_170548.jpg""]","[""IMG_20261009_170543_1.jpg"", ""IMG_20261009_170548.jpg""]",candidate-not-published,,,not-generated,not-published,,packaged-unit,product-candidate,
cheerios-cup,Cheerios vaso,Alimentos,Cereales,Vaso individual,CUP,,[1800],shared,confirmar-precio,Confirmar precio propio,"[""IMG_20261009_170548.jpg""]","[""IMG_20261009_170548.jpg""]",candidate-not-published,,,not-generated,not-published,,packaged-unit,product-candidate,
ricekrispies-mini,Rice Krispies caja pequeña,Alimentos,Cereales,Caja individual,CUP,,[200],shared,confirmar-precio,Cartel compartido entre cajas; confirmar por variante,"[""IMG_20261009_170548.jpg""]","[""IMG_20261009_170548.jpg""]",candidate-not-published,,,not-generated,not-published,,packaged-unit,product-candidate,
pops-mini,Kellogg's Pops caja pequeña,Alimentos,Cereales,Caja individual,CUP,,[200],shared,confirmar-precio,Confirmar precio propio,"[""IMG_20261009_170548.jpg""]","[""IMG_20261009_170548.jpg""]",candidate-not-published,,,not-generated,not-published,,packaged-unit,product-candidate,
miniwheats-mini,Frosted Mini Wheats caja pequeña,Alimentos,Cereales,Caja individual,CUP,,[200],shared,confirmar-precio,Confirmar precio propio,"[""IMG_20261009_170548.jpg""]","[""IMG_20261009_170548.jpg""]",candidate-not-published,,,not-generated,not-published,,packaged-unit,product-candidate,
carrs-assortment,Carr's Table Water Crackers Assortment,Alimentos,Galletas,Caja720g;6paquetes120g,CUP,22500,[22500],direct,precio-visible,,"[""IMG_20261009_170550.jpg""]","[""IMG_20261009_170550.jpg""]",candidate-not-published,,,not-generated,not-published,,packaged-unit,product-candidate,
nerds-clusters,Nerds Gummy Clusters Rainbow,Alimentos,Golosinas,Party Size; bolsa,CUP,19000,[19000],direct,precio-visible,Peso pendiente,"[""IMG_20261009_170554.jpg""]","[""IMG_20261009_170554.jpg""]",candidate-not-published,,,not-generated,not-published,,packaged-unit,product-candidate,
toblerone,Chocolate Toblerone,Alimentos,Chocolate,Caja triangular,CUP,4000,[4000],direct,precio-visible,Peso pendiente,"[""IMG_20261009_170554.jpg""]","[""IMG_20261009_170554.jpg""]",candidate-not-published,,,not-generated,not-published,,packaged-unit,product-candidate,
mms-sharebag,M&M's Sharing Size bolsa,Alimentos,Chocolate,Bolsa marrón,CUP,8500,[8500],direct,precio-visible,Variante y peso pendientes; distinto de frascos,"[""IMG_20261009_170556.jpg""]","[""IMG_20261009_170556.jpg""]",candidate-not-published,,,not-generated,not-published,,packaged-unit,product-candidate,
hersheys-nuggets,Hershey's Nuggets,Alimentos,Chocolate,Bolsa,CUP,9500,[9500],direct,precio-visible,Peso pendiente,"[""IMG_20261009_170556.jpg""]","[""IMG_20261009_170556.jpg""]",candidate-not-published,,,not-generated,not-published,,packaged-unit,product-candidate,
reeses-bar,Reese's barra,Alimentos,Chocolate,Caja naranja,CUP,3500,[3500],direct,precio-visible,Variante y peso pendientes,"[""IMG_20261009_170556.jpg""]","[""IMG_20261009_170556.jpg""]",candidate-not-published,,,not-generated,not-published,,packaged-unit,product-candidate,
reeses-pieces,Reese's Pieces,Alimentos,Golosinas,Bolsa naranja,CUP,8500,[8500],direct,precio-visible,Peso pendiente,"[""IMG_20261009_170556.jpg""]","[""IMG_20261009_170556.jpg""]",candidate-not-published,,,not-generated,not-published,,packaged-unit,product-candidate,
mms-caramel-bag,M&M's Caramel Cold Brew,Alimentos,Chocolate,Bolsa,CUP,,[9500],shared,confirmar-precio,Confirmar precio propio y peso,"[""IMG_20261009_170600.jpg""]","[""IMG_20261009_170600.jpg""]",candidate-not-published,,,not-generated,not-published,,packaged-unit,product-candidate,
mms-honey-bag,M&M's Honey Roasted Peanut,Alimentos,Chocolate,Bolsa,CUP,9500,[9500],direct,precio-visible,Peso pendiente,"[""IMG_20261009_170600.jpg""]","[""IMG_20261009_170600.jpg""]",candidate-not-published,,,not-generated,not-published,,packaged-unit,product-candidate,
mms-milk-jar,M&M's Milk Chocolate frasco,Alimentos,Chocolate,Frasco con tapa marrón,CUP,,[29000],shared,confirmar-precio,Precio del grupo; peso pendiente,"[""IMG_20261009_170603.jpg"", ""IMG_20261009_170600.jpg""]","[""IMG_20261009_170603.jpg"", ""IMG_20261009_170600.jpg""]",candidate-not-published,,,not-generated,not-published,,packaged-unit,product-candidate,
mms-peanut-jar,M&M's Peanut frasco,Alimentos,Chocolate,Frasco con tapa amarilla,CUP,29000,[29000],direct,precio-visible,Peso pendiente; no unir a otro tamaño sin confirmar,"[""IMG_20261009_170603.jpg"", ""IMG_20261009_170600.jpg""]","[""IMG_20261009_170603.jpg"", ""IMG_20261009_170600.jpg""]",candidate-not-published,,,not-generated,not-published,,packaged-unit,product-candidate,
bentons-mint-cookies,Benton's Mint Chocolate Covered Cookies,Alimentos,Galletas,Caja verde,CUP,,[5500],shared,confirmar-precio,Confirmar precio propio y peso,"[""IMG_20261009_170609.jpg""]","[""IMG_20261009_170609.jpg""]",candidate-not-published,,,not-generated,not-published,,packaged-unit,product-candidate,
bentons-original-cookies,Benton's Original Chocolate Covered Cookies,Alimentos,Galletas,Caja azul,CUP,5500,[5500],direct,precio-visible,Peso pendiente,"[""IMG_20261009_170609.jpg""]","[""IMG_20261009_170609.jpg""]",candidate-not-published,,,not-generated,not-published,,packaged-unit,product-candidate,
bentons-hazelnut,Benton's Hazelnut Cookies,Alimentos,Galletas,Caja,CUP,5500,[5500],direct,precio-visible,Peso pendiente,"[""IMG_20261009_170609.jpg""]","[""IMG_20261009_170609.jpg""]",candidate-not-published,,,not-generated,not-published,,packaged-unit,product-candidate,
bentons-keylime,Benton's Cookie Thins Key Lime,Alimentos,Galletas,Bolsa113g,CUP,4200,[4200],direct,precio-visible,,"[""IMG_20261009_170614.jpg"", ""IMG_20261009_170609.jpg""]","[""IMG_20261009_170614.jpg"", ""IMG_20261009_170609.jpg""]",candidate-not-published,,,not-generated,not-published,,packaged-unit,product-candidate,
bentons-lemon,Benton's Cookie Thins Lemon,Alimentos,Galletas,Bolsa,CUP,,[4200],shared,confirmar-precio,Confirmar precio propio y peso,"[""IMG_20261009_170609.jpg""]","[""IMG_20261009_170609.jpg""]",candidate-not-published,,,not-generated,not-published,,packaged-unit,product-candidate,
bentons-coconut,Benton's Cookie Thins Toasted Coconut,Alimentos,Galletas,Bolsa,CUP,,[4200],shared,confirmar-precio,Confirmar precio propio y peso,"[""IMG_20261009_170614.jpg""]","[""IMG_20261009_170614.jpg""]",candidate-not-published,,,not-generated,not-published,,packaged-unit,product-candidate,
members-cookie-thins,Member's Mark Chocolate Chip Cookie Thins,Alimentos,Galletas,Bolsa,CUP,6000,[6000],direct,precio-visible,Peso pendiente,"[""IMG_20261009_170614.jpg"", ""IMG_20261009_170618.jpg""]","[""IMG_20261009_170614.jpg"", ""IMG_20261009_170618.jpg""]",candidate-not-published,,,not-generated,not-published,,packaged-unit,product-candidate,
milano-double,Pepperidge Farm Milano Double Milk Chocolate,Alimentos,Galletas,Sobre individual; caja30packs detrás,CUP,650,[650],direct,precio-visible,Precio del sobre; precio caja no confirmado,"[""IMG_20261009_170618.jpg""]","[""IMG_20261009_170618.jpg""]",candidate-not-published,,,not-generated,not-published,,packaged-unit,product-candidate,
oreo-snack,Oreo Snack Packs,Alimentos,Galletas,Sobre individual; caja60packs detrás,CUP,500,[500],direct,precio-visible,Precio del sobre; precio caja no confirmado,"[""IMG_20261009_170623.jpg"", ""IMG_20261009_170618.jpg""]","[""IMG_20261009_170623.jpg"", ""IMG_20261009_170618.jpg""]",candidate-not-published,,,not-generated,not-published,,packaged-unit,product-candidate,
oreo-choco-box,Oreo Chocolate caja naranja,Alimentos,Galletas,Caja252g;4paquetes de6galletas; relleno chocolate,CUP,5200,[5200],direct,precio-visible,,"[""IMG_20261009_170623.jpg""]","[""IMG_20261009_170623.jpg""]",candidate-not-published,,,not-generated,not-published,,packaged-unit,product-candidate,
oreo-chocofill-box,Oreo caja azul12paquetes,Alimentos,Galletas,Caja,CUP,9500,[9500],direct,precio-visible,Peso y unidad de venta pendientes,"[""IMG_20261009_170623.jpg""]","[""IMG_20261009_170623.jpg""]",candidate-not-published,,,not-generated,not-published,,packaged-unit,product-candidate,
oreo-roll,Oreo en envoltorio transparente,Alimentos,Galletas,Rollo de galletas,CUP,2500,[2500],direct,precio-visible,Peso/cantidad pendientes,"[""IMG_20261009_170626.jpg"", ""IMG_20261009_170623.jpg""]","[""IMG_20261009_170626.jpg"", ""IMG_20261009_170623.jpg""]",candidate-not-published,,,not-generated,not-published,,packaged-unit,product-candidate,
chipsahoy,Chips Ahoy Original,Alimentos,Galletas,Paquete,CUP,5800,[5800],direct,precio-visible,Peso pendiente,"[""IMG_20261009_170629.jpg""]","[""IMG_20261009_170629.jpg""]",candidate-not-published,,,not-generated,not-published,,packaged-unit,product-candidate,
lotus-biscoff,Lotus Biscoff,Alimentos,Galletas,Paquete,CUP,4200,[4200],direct,precio-visible,Peso pendiente,"[""IMG_20261009_170629.jpg""]","[""IMG_20261009_170629.jpg""]",candidate-not-published,,,not-generated,not-published,,packaged-unit,product-candidate,
lemoncreme-cookie,Lemon Creme Cookies,Alimentos,Galletas,Paquete amarillo/verde,CUP,4800,[4800],direct,precio-visible,Marca y peso pendientes,"[""IMG_20261009_170633.jpg""]","[""IMG_20261009_170633.jpg""]",candidate-not-published,,,not-generated,not-published,,packaged-unit,product-candidate,
vanillacreme-cookie,Vanilla Creme Cookies,Alimentos,Galletas,Paquete amarillo,CUP,,[4800],shared,confirmar-precio,Precio propio marca peso pendientes,"[""IMG_20261009_170633.jpg""]","[""IMG_20261009_170633.jpg""]",candidate-not-published,,,not-generated,not-published,,packaged-unit,product-candidate,
duplex-cookie,Duplex Sandwich Crème Cookies,Alimentos,Galletas,Paquete morado,CUP,,[3500],shared,confirmar-precio,Marca peso precio propio pendientes,"[""IMG_20261009_170633.jpg""]","[""IMG_20261009_170633.jpg""]",candidate-not-published,,,not-generated,not-published,,packaged-unit,product-candidate,
vanilla-sandwich,Vanilla Sandwich Crème Cookies,Alimentos,Galletas,Paquete azul,CUP,3500,[3500],direct,precio-visible,Marca y peso pendientes,"[""IMG_20261009_170633.jpg""]","[""IMG_20261009_170633.jpg""]",candidate-not-published,,,not-generated,not-published,,packaged-unit,product-candidate,
oatmeal-cookie,Oatmeal Cookies,Alimentos,Galletas,Paquete amarillo,CUP,,[3800],shared,confirmar-precio,Marca peso precio propio pendientes,"[""IMG_20261009_170637.jpg"", ""IMG_20261009_170640.jpg""]","[""IMG_20261009_170637.jpg"", ""IMG_20261009_170640.jpg""]",candidate-not-published,,,not-generated,not-published,,packaged-unit,product-candidate,
chocochip-cookie,Chocolate Chip Cookies,Alimentos,Galletas,Paquete amarillo,CUP,3800,[3800],direct,precio-visible,Marca y peso pendientes,"[""IMG_20261009_170637.jpg"", ""IMG_20261009_170640.jpg""]","[""IMG_20261009_170637.jpg"", ""IMG_20261009_170640.jpg""]",candidate-not-published,,,not-generated,not-published,,packaged-unit,product-candidate,
almond-windmill,Almond Windmill Cookies,Alimentos,Galletas,Paquete amarillo,CUP,3000,[3000],direct,precio-visible,Marca y peso pendientes,"[""IMG_20261009_170637.jpg""]","[""IMG_20261009_170637.jpg""]",candidate-not-published,,,not-generated,not-published,,packaged-unit,product-candidate,
fresko-butter,Caramelos Fresko Butter Milky,Alimentos,Golosinas,Bolsa,CUP,4000,[4000],direct,precio-visible,Peso pendiente,"[""IMG_20261009_170642.jpg""]","[""IMG_20261009_170642.jpg""]",candidate-not-published,,,not-generated,not-published,,packaged-unit,product-candidate,
fresko-cappuccino,Caramelos Fresko Cappuccino,Alimentos,Golosinas,Bolsa,CUP,4000,[4000],direct,precio-visible,Peso pendiente,"[""IMG_20261009_170642.jpg""]","[""IMG_20261009_170642.jpg""]",candidate-not-published,,,not-generated,not-published,,packaged-unit,product-candidate,
fresko-coffee,Caramelos Fresko Coffee,Alimentos,Golosinas,Bolsa,CUP,4000,[4000],direct,precio-visible,Peso pendiente,"[""IMG_20261009_170642.jpg""]","[""IMG_20261009_170642.jpg""]",candidate-not-published,,,not-generated,not-published,,packaged-unit,product-candidate,
kitkat-16,KitKat caja16paquetes,Alimentos,Chocolate,Caja,CUP,40000,[40000],direct,precio-visible,Confirmar unidad de venta caja y peso,"[""IMG_20261009_170645.jpg""]","[""IMG_20261009_170645.jpg""]",candidate-not-published,,,not-generated,not-published,,packaged-unit,product-candidate,
choco-variety14,Surtido chocolates14piezas,Alimentos,Chocolate,Snickers MilkyWay M&M's Twix; caja,CUP,35000,[35000],direct,precio-visible,Marca peso y precio por caja por confirmar,"[""IMG_20261009_170645.jpg"", ""IMG_20261009_170649.jpg""]","[""IMG_20261009_170645.jpg"", ""IMG_20261009_170649.jpg""]",candidate-not-published,,,not-generated,not-published,,packaged-unit,product-candidate,
cadbury-bar,Chocolate Cadbury,Alimentos,Chocolate,Tableta morada,CUP,2500,[2500],direct,precio-visible,Variante y peso pendientes,"[""IMG_20261009_170645.jpg"", ""IMG_20261009_170649.jpg""]","[""IMG_20261009_170645.jpg"", ""IMG_20261009_170649.jpg""]",candidate-not-published,,,not-generated,not-published,,packaged-unit,product-candidate,
simply-coconut-clusters,Simply Nature Organic Coconut Clusters,Alimentos,Snacks,Bolsa,CUP,,[],missing,falta-precio,Peso y precio propios pendientes,"[""IMG_20261009_170645.jpg"", ""IMG_20261009_170649.jpg""]","[""IMG_20261009_170645.jpg"", ""IMG_20261009_170649.jpg""]",candidate-not-published,,,not-generated,not-published,,packaged-unit,product-candidate,
crepel-bar,Golosina Crepel,Alimentos,Golosinas,Barra individual en caja,CUP,900,[900],direct,precio-visible,Confirmar nombre marca peso y unidad venta,"[""IMG_20261009_170649.jpg""]","[""IMG_20261009_170649.jpg""]",candidate-not-published,,,not-generated,not-published,,packaged-unit,product-candidate,
todeschini-picapau,Galletas Todeschini Pica-Pau,Alimentos,Galletas,Rollos varios sabores,CUP,,[1560],shared,confirmar-precio,Separar sabores y confirmar precio por variante,"[""IMG_20261009_170653.jpg"", ""IMG_20261009_170649.jpg""]","[""IMG_20261009_170653.jpg"", ""IMG_20261009_170649.jpg""]",candidate-not-published,,,not-generated,not-published,,packaged-unit,product-candidate,
vima-ensaladilla,Ensaladilla congelada Vima,Alimentos,Congelados,Bolsa1kg,CUP,3200,[3200],direct,precio-visible,Confirmar marca en envase completo,"[""IMG_20261009_170704_1.jpg"", ""IMG_20261009_170715.jpg""]","[""IMG_20261009_170704_1.jpg"", ""IMG_20261009_170715.jpg""]",candidate-not-published,,,not-generated,not-published,,packaged-unit,product-candidate,
vima-maiz-frozen,Maíz dulce congelado Vima,Alimentos,Congelados,Bolsa1kg,CUP,3200,[3200],direct,precio-visible,,"[""IMG_20261009_170826_1.jpg"", ""IMG_20261009_170831.jpg"", ""IMG_20261009_170715.jpg"", ""IMG_20261009_170834_1.jpg""]","[""IMG_20261009_170826_1.jpg"", ""IMG_20261009_170831.jpg"", ""IMG_20261009_170715.jpg"", ""IMG_20261009_170834_1.jpg""]",candidate-not-published,,,not-generated,not-published,,packaged-unit,product-candidate,
dor-coles,Coles de Bruselas congeladas d'Arta,Alimentos,Congelados,Bolsa,CUP,3000,[3000],direct,precio-visible,Confirmar marca y peso,"[""IMG_20261009_170834_1.jpg"", ""IMG_20261009_170838.jpg""]","[""IMG_20261009_170834_1.jpg"", ""IMG_20261009_170838.jpg""]",candidate-not-published,,,not-generated,not-published,,packaged-unit,product-candidate,
cvale-nuggets,Nuggets de pollo C.Vale,Alimentos,Congelados,Bolsa1kg,CUP,5000,[5000],direct,precio-visible,,"[""IMG_20261009_170846.jpg"", ""IMG_20261009_170848.jpg""]","[""IMG_20261009_170846.jpg"", ""IMG_20261009_170848.jpg""]",candidate-not-published,,,not-generated,not-published,,packaged-unit,product-candidate,
eurofrits-papas,Papas prefritas Eurofrits Steakhouse Super Crujiente,Alimentos,Congelados,"Bolsa2,5kg",CUP,5700,[5700],direct,precio-visible,,"[""IMG_20261009_170851_1.jpg"", ""IMG_20261009_170855.jpg""]","[""IMG_20261009_170851_1.jpg"", ""IMG_20261009_170855.jpg""]",candidate-not-published,,,not-generated,not-published,,packaged-unit,product-candidate,
driedapple,Manzana deshidratada Dried Apple Soft & Chewy,Alimentos,Snacks,Bolsa50g,CUP,2000,[2000],direct,precio-visible,Marca pendiente,"[""IMG_20261009_170903_1.jpg"", ""IMG_20261009_170909_1.jpg"", ""IMG_20261009_170911_1.jpg""]","[""IMG_20261009_170903_1.jpg"", ""IMG_20261009_170909_1.jpg"", ""IMG_20261009_170911_1.jpg""]",candidate-not-published,,,not-generated,not-published,,packaged-unit,product-candidate,
takis-fuego,Takis Fuego,Alimentos,Snacks,Bolsa morada,CUP,1300,[1300],direct,precio-visible,Peso pendiente,"[""IMG_20261009_170903_1.jpg"", ""IMG_20261009_170909_1.jpg"", ""IMG_20261009_170906_1.jpg""]","[""IMG_20261009_170903_1.jpg"", ""IMG_20261009_170909_1.jpg"", ""IMG_20261009_170906_1.jpg""]",candidate-not-published,,,not-generated,not-published,,packaged-unit,product-candidate,
kars-mix,Kar's Sweet'n Salty Mix,Frutos secos,Mezclas,Bolsa morada,CUP,,[],missing,falta-precio,Peso y precio propios pendientes,"[""IMG_20261009_170906_1.jpg"", ""IMG_20261009_170903_1.jpg""]","[""IMG_20261009_170906_1.jpg"", ""IMG_20261009_170903_1.jpg""]",candidate-not-published,,,not-generated,not-published,,packaged-unit,product-candidate,
thatsit-crunch,That's It Crunchables,Alimentos,Snacks,Bolsa verde,CUP,750,[750],direct,precio-visible,Sabor y peso pendientes,"[""IMG_20261009_170911_1.jpg""]","[""IMG_20261009_170911_1.jpg""]",candidate-not-published,,,not-generated,not-published,,packaged-unit,product-candidate,
juve-solo-vida,Cava Juvé & Camps Solo Vida,Bebidas,Espumosos,Botella con etiqueta dorada,CUP,21000,[21000],direct,precio-visible,Confirmar volumen,"[""IMG_20261009_170930.jpg""]","[""IMG_20261009_170930.jpg""]",candidate-not-published,,,not-generated,not-published,,packaged-unit,product-candidate,
gran-juve-camps,Gran Juvé & Camps Gran Reserva Brut,Bebidas,Espumosos,Estuche abierto,CUP,21000,[21000],direct,precio-visible,Confirmar volumen,"[""IMG_20261009_170930.jpg""]","[""IMG_20261009_170930.jpg""]",candidate-not-published,,,not-generated,not-published,,packaged-unit,product-candidate,
vallformosa-gala-white,Vallformosa Gala blanco,Bebidas,Espumosos,Botella,CUP,5200,[5200],direct,precio-visible,Confirmar variedad y volumen,"[""IMG_20261009_170941.jpg"", ""IMG_20261009_170943_1.jpg""]","[""IMG_20261009_170941.jpg"", ""IMG_20261009_170943_1.jpg""]",candidate-not-published,,,not-generated,not-published,,packaged-unit,product-candidate,
vinaesmeralda-sparkling,Viña Esmeralda espumoso,Bebidas,Espumosos,Botella,CUP,,[5200],shared,confirmar-precio,"Cartel5200 adyacente; confirmar precio propio, variedad y volumen","[""IMG_20261009_170941.jpg""]","[""IMG_20261009_170941.jpg""]",candidate-not-published,,,not-generated,not-published,,packaged-unit,product-candidate,
misting-brut,Mistinguett Vallformosa espumoso,Bebidas,Espumosos,Botella,CUP,,"[5500, 6000]",ambiguous,confirmar-precio,Dos carteles5500/6000; separar variedades y precio propio,"[""IMG_20261009_170941.jpg""]","[""IMG_20261009_170941.jpg""]",candidate-not-published,,,not-generated,not-published,,packaged-unit,product-candidate,
vallformosa-gala-rose,Vallformosa Gala rosado,Bebidas,Espumosos,Botella,CUP,6000,[6000],direct,precio-visible,Volumen pendiente,"[""IMG_20261009_170943_1.jpg""]","[""IMG_20261009_170943_1.jpg""]",candidate-not-published,,,not-generated,not-published,,packaged-unit,product-candidate,
vallformosa-cava-rose,Vallformosa Cava rosado,Bebidas,Espumosos,Botella,CUP,,[6000],shared,confirmar-precio,Confirmar variedad y precio propio,"[""IMG_20261009_170948_1.jpg""]","[""IMG_20261009_170948_1.jpg""]",candidate-not-published,,,not-generated,not-published,,packaged-unit,product-candidate,
vallformosa-cava-brut,Vallformosa Cava Brut,Bebidas,Espumosos,Botella,CUP,6000,[6000],direct,precio-visible,Volumen pendiente,"[""IMG_20261009_170948_1.jpg""]","[""IMG_20261009_170948_1.jpg""]",candidate-not-published,,,not-generated,not-published,,packaged-unit,product-candidate,
vallformosa-cava-ice,Vallformosa Cava Ice,Bebidas,Espumosos,Botella blanca,CUP,6000,[6000],direct,precio-visible,Volumen pendiente,"[""IMG_20261009_170948_1.jpg""]","[""IMG_20261009_170948_1.jpg""]",candidate-not-published,,,not-generated,not-published,,packaged-unit,product-candidate,
