zip,member,file,sha256,bytes,dimensions,status,previous,duplicateOf,perceptualMatch,reviewStatus,publishedProductIds,candidateProductIds,priorPendingIds,matchBasis,dhash256,reviewNote
Colo 1.zip,Colo 1/IMG_20261009_165556.jpg,IMG_20261009_165556.jpg,b047bb05cdd09751e786df46469ce8a9535ad9626b3e7d72848047c68b560aaf,3523805,"[4160, 3120]",new-photo,[],,"{""file"": ""IMG_20261009_165705_1.jpg"", ""distance256"": 95}",visually-inspected-contact-sheet-and-selected-details,"[""jif-creamy"", ""kirkland-peanuts"", ""southern-cocktail""]","[""southern-dry-roasted""]",[],,,
Colo 1.zip,Colo 1/IMG_20261009_165602.jpg,IMG_20261009_165602.jpg,593779b66f8874e90fd184e2978605e3f5c475f5cd397ed658b0fa60cb950f85,3568309,"[4160, 3120]",new-photo,[],,"{""file"": ""IMG_20261009_165916.jpg"", ""distance256"": 100}",visually-inspected-contact-sheet-and-selected-details,[],"[""kirkland-salted-mixed"", ""kirkland-unsalted-mixed"", ""kirkland-keto-mix"", ""biena-edamame""]",[],,,
Colo 1.zip,Colo 1/IMG_20261009_165604_1.jpg,IMG_20261009_165604_1.jpg,562e06dfb1028e9f4c2a8052ee44ed2372e73db198ba5695bb4fbfe3624f7df5,2815126,"[4160, 3120]",new-photo,[],,"{""file"": ""IMG_20261009_165824_1.jpg"", ""distance256"": 96}",visually-inspected-contact-sheet-and-selected-details,[],"[""kirkland-keto-mix"", ""biena-edamame"", ""pockets-almonds""]",[],,,
Colo 1.zip,Colo 1/IMG_20261009_165615.jpg,IMG_20261009_165615.jpg,6ee9192611b9e5b43564d7ccc66ab1c0e14bee466b5de3a5c5df3c0d7f3c5ec8,3407114,"[4160, 3120]",new-photo,[],,"{""file"": ""IMG_20261009_165157.jpg"", ""distance256"": 97}",visually-inspected-contact-sheet-and-selected-details,[],"[""monster-viking"", ""monster-pacific"", ""fattoria-guayaba""]",[],,,
Colo 1.zip,Colo 1/IMG_20261009_165618.jpg,IMG_20261009_165618.jpg,87294b887836845190b55381f8c3367765853d516d02dc274aa129229494c2f3,3281150,"[4160, 3120]",new-photo,[],,"{""file"": ""IMG_20261009_165932.jpg"", ""distance256"": 104}",visually-inspected-contact-sheet-and-selected-details,[],"[""cristal-botella""]",[],,,
Colo 1.zip,Colo 1/IMG_20261009_165622.jpg,IMG_20261009_165622.jpg,0498a38a78a8927af6a036db418faf98021b051b1573a409fd9c1d014272f7a6,3711091,"[4160, 3120]",new-photo,[],,"{""file"": ""IMG_20261009_165625.jpg"", ""distance256"": 85}",visually-inspected-contact-sheet-and-selected-details,[],"[""unlaguer-330""]",[],,,
Colo 1.zip,Colo 1/IMG_20261009_165625.jpg,IMG_20261009_165625.jpg,609a8cf6a7014f90f9594c66e9c930c60d399377c7a741f86b528bc3eafd87d1,3315542,"[4160, 3120]",previous-photo-reencoded,[],,"{""file"": ""IMG_20261009_165625.jpg"", ""distance256"": 1}",prior-inspection-reused,"[""coca-cola-355""]",[],[],same filename plus 256-bit difference hash distance <=8 against inspected optimized source; binary content differs due to resize/reencoding,,
Colo 1.zip,Colo 1/IMG_20261009_165627_1.jpg,IMG_20261009_165627_1.jpg,7f0e30d621af23f8a1f2fc24f419396880e9424758ffb352067f2ace43c591a5,2587042,"[4160, 3120]",previous-photo-reencoded,[],,"{""file"": ""IMG_20261009_165627_1.jpg"", ""distance256"": 3}",prior-inspection-reused,"[""koffio-vainilla"", ""pepsi-lata"", ""tigon-energy""]",[],[],same filename plus 256-bit difference hash distance <=8 against inspected optimized source; binary content differs due to resize/reencoding,,
Colo 1.zip,Colo 1/IMG_20261009_165638_1.jpg,IMG_20261009_165638_1.jpg,ea4d9a3a4580d106731ccb1ec81002c10ff323d2526a002495b53c55e4d6681f,2540907,"[4160, 3120]",previous-photo-reencoded,[],,"{""file"": ""IMG_20261009_165638_1.jpg"", ""distance256"": 2}",prior-inspection-reused,[],[],[],same filename plus 256-bit difference hash distance <=8 against inspected optimized source; binary content differs due to resize/reencoding,,
Colo 1.zip,Colo 1/IMG_20261009_165642_1.jpg,IMG_20261009_165642_1.jpg,eb831ff5b2fd139e811444fc11ebd4000f555f4ccd51468746c989b6b436f3e2,2277352,"[4160, 3120]",previous-photo-reencoded,[],,"{""file"": ""IMG_20261009_165642_1.jpg"", ""distance256"": 1}",prior-inspection-reused,"[""jolyni-spaghetti""]",[],[],same filename plus 256-bit difference hash distance <=8 against inspected optimized source; binary content differs due to resize/reencoding,,
Colo 1.zip,Colo 1/IMG_20261009_165656.jpg,IMG_20261009_165656.jpg,5621e19305fbee28494f8808c7855ba2968453fb9a1478099e36c0e527869b24,3895434,"[3120, 4160]",previous-photo-reencoded,[],,"{""file"": ""IMG_20261009_165656.jpg"", ""distance256"": 1}",prior-inspection-reused,"[""jolyni-spaghetti""]",[],[],same filename plus 256-bit difference hash distance <=8 against inspected optimized source; binary content differs due to resize/reencoding,,
Colo 1.zip,Colo 1/IMG_20261009_165703.jpg,IMG_20261009_165703.jpg,f9479b66828ea34d0f91391b4f729ddcede802bb12d4c1e25474720d4beb22a8,3813565,"[3120, 4160]",previous-photo-reencoded,[],,"{""file"": ""IMG_20261009_165703.jpg"", ""distance256"": 1}",prior-inspection-reused,[],[],"[""italpasta-fettuccine""]",same filename plus 256-bit difference hash distance <=8 against inspected optimized source; binary content differs due to resize/reencoding,,
Colo 1.zip,Colo 1/IMG_20261009_165705_1.jpg,IMG_20261009_165705_1.jpg,c283bd23b71cb45a567be17d1fc1b60f47afaa61660b577df29b01fbb372bfbb,2452005,"[3120, 4160]",previous-photo-reencoded,[],,"{""file"": ""IMG_20261009_165705_1.jpg"", ""distance256"": 8}",prior-inspection-reused,"[""primo-linguine""]",[],[],same filename plus 256-bit difference hash distance <=8 against inspected optimized source; binary content differs due to resize/reencoding,,
Colo 1.zip,Colo 1/IMG_20261009_165714.jpg,IMG_20261009_165714.jpg,ebc53ab0e3d17276df28948ef16dac8cd769f07ae6c25dd5c27fc279c4562d20,4045384,"[3120, 4160]",previous-photo-reencoded,[],,"{""file"": ""IMG_20261009_165714.jpg"", ""distance256"": 0}",prior-inspection-reused,"[""primo-linguine""]",[],[],same filename plus 256-bit difference hash distance <=8 against inspected optimized source; binary content differs due to resize/reencoding,,
Colo 1.zip,Colo 1/IMG_20261009_165741.jpg,IMG_20261009_165741.jpg,5b0540b67689cab289e5fa6cbd7d1f95afe7eaccb24a55f2de643b4247b508f5,3899285,"[3120, 4160]",previous-photo-reencoded,[],,"{""file"": ""IMG_20261009_165741.jpg"", ""distance256"": 1}",prior-inspection-reused,"[""italpasta-pennine""]",[],[],same filename plus 256-bit difference hash distance <=8 against inspected optimized source; binary content differs due to resize/reencoding,,
Colo 1.zip,Colo 1/IMG_20261009_165743_1.jpg,IMG_20261009_165743_1.jpg,4d31bcbb0ca084ef4ffeb91211be5a220c50808a3cf32827e75565dbfc83ffcc,2336564,"[3120, 4160]",previous-photo-reencoded,[],,"{""file"": ""IMG_20261009_165743_1.jpg"", ""distance256"": 7}",prior-inspection-reused,"[""italpasta-pennine""]",[],[],same filename plus 256-bit difference hash distance <=8 against inspected optimized source; binary content differs due to resize/reencoding,,
Colo 1.zip,Colo 1/IMG_20261009_165824_1.jpg,IMG_20261009_165824_1.jpg,611d511dc77f60244846581cfba73708379c140452385cac706dd05a7c821cce,2744250,"[4160, 3120]",previous-photo-reencoded,[],,"{""file"": ""IMG_20261009_165824_1.jpg"", ""distance256"": 1}",prior-inspection-reused,"[""socheezy-macaroni""]",[],[],same filename plus 256-bit difference hash distance <=8 against inspected optimized source; binary content differs due to resize/reencoding,,
Colo 1.zip,Colo 1/IMG_20261009_165830.jpg,IMG_20261009_165830.jpg,1b8d9ee5784b5c02cb92a99fd9b3fad80b853c2949aaa2a1fdbae4a055f6d3f4,2941450,"[4160, 3120]",previous-photo-reencoded,[],,"{""file"": ""IMG_20261009_165830.jpg"", ""distance256"": 0}",prior-inspection-reused,"[""aldaketa-mostaza"", ""azotea-mostaza"", ""kurtz-mostaza"", ""vima-mostaza""]",[],"[""burmans-dill-mustard""]",same filename plus 256-bit difference hash distance <=8 against inspected optimized source; binary content differs due to resize/reencoding,,
Colo 1.zip,Colo 1/IMG_20261009_165834.jpg,IMG_20261009_165834.jpg,e706a15df1b4543931c0fa2df95ad44fc105a8662d8e48596a4b783ec3e2ae38,3608446,"[4160, 3120]",previous-photo-reencoded,[],,"{""file"": ""IMG_20261009_165834.jpg"", ""distance256"": 0}",prior-inspection-reused,"[""bullseye-original"", ""burmans-spicybrown"", ""kurtz-italian""]",[],"[""kenko-bbq-mel"", ""kenko-bbq-americano"", ""aldaketa-ketchup"", ""burmans-sweetheat""]",same filename plus 256-bit difference hash distance <=8 against inspected optimized source; binary content differs due to resize/reencoding,,
Colo 1.zip,Colo 1/IMG_20261009_165840.jpg,IMG_20261009_165840.jpg,a215ab84fc603fca23b1a2334831e10741af9078a44317bb66838abaca8a9bd6,3799319,"[4160, 3120]",previous-photo-reencoded,[],,"{""file"": ""IMG_20261009_165840.jpg"", ""distance256"": 4}",prior-inspection-reused,"[""castelo-italiano"", ""countrybarn-french""]",[],[],same filename plus 256-bit difference hash distance <=8 against inspected optimized source; binary content differs due to resize/reencoding,,
Colo 1.zip,Colo 1/IMG_20261009_165846.jpg,IMG_20261009_165846.jpg,0eaf302fbf473a0e419d7ff8f4f7413da739a3584472d9e2539f7aa554c78910,4006082,"[4160, 3120]",previous-photo-reencoded,[],,"{""file"": ""IMG_20261009_165846.jpg"", ""distance256"": 0}",prior-inspection-reused,"[""jade-soya"", ""sakura-soya""]",[],[],same filename plus 256-bit difference hash distance <=8 against inspected optimized source; binary content differs due to resize/reencoding,,
Colo 1.zip,Colo 1/IMG_20261009_165851.jpg,IMG_20261009_165851.jpg,7c03fbc78d5b48c8048dc56256fe3265c0f83835ce9ea686064704323dba8181,3489316,"[4160, 3120]",previous-photo-reencoded,[],,"{""file"": ""IMG_20261009_165851.jpg"", ""distance256"": 1}",prior-inspection-reused,"[""burmans-dill-mayo"", ""friend-barbacoa"", ""friend-brava""]",[],"[""burmans-spicy-mayo""]",same filename plus 256-bit difference hash distance <=8 against inspected optimized source; binary content differs due to resize/reencoding,,
Colo 1.zip,Colo 1/IMG_20261009_165853_1.jpg,IMG_20261009_165853_1.jpg,597a01739a080bc91c316c2cde59b13c239e7e9b73c4168d9c7b804b2c895ccf,2898770,"[4160, 3120]",previous-photo-reencoded,[],,"{""file"": ""IMG_20261009_165853_1.jpg"", ""distance256"": 0}",prior-inspection-reused,"[""ayala-mayonesa"", ""kurtz-relish"", ""trader-truffle-aioli""]",[],[],same filename plus 256-bit difference hash distance <=8 against inspected optimized source; binary content differs due to resize/reencoding,,
Colo 1.zip,Colo 1/IMG_20261009_165856_1.jpg,IMG_20261009_165856_1.jpg,6517a1a12bfcfe96da1fcd3151b35667f26f47c42414020f90d1b22a7870dbe0,2547123,"[4160, 3120]",previous-photo-reencoded,[],,"{""file"": ""IMG_20261009_165856_1.jpg"", ""distance256"": 1}",prior-inspection-reused,"[""hollandpark-mayonesa"", ""kurtz-mayonesa""]",[],[],same filename plus 256-bit difference hash distance <=8 against inspected optimized source; binary content differs due to resize/reencoding,,
Colo 1.zip,Colo 1/IMG_20261009_165902.jpg,IMG_20261009_165902.jpg,327209477573b26b2702001899297035dcb9c12a1c1b5b2c09c6bfb54b31d9d4,3828272,"[4160, 3120]",previous-photo-reencoded,[],,"{""file"": ""IMG_20261009_165902.jpg"", ""distance256"": 2}",prior-inspection-reused,"[""huerta-alcaparras"", ""lasota-alcaparras""]",[],[],same filename plus 256-bit difference hash distance <=8 against inspected optimized source; binary content differs due to resize/reencoding,,
Colo 1.zip,Colo 1/IMG_20261009_165910.jpg,IMG_20261009_165910.jpg,ba728088a8c8b20be927fcffccefdcd9a6ca3f78bad82f3861f0d2480f7fe664,3560672,"[4160, 3120]",previous-photo-reencoded,[],,"{""file"": ""IMG_20261009_165910.jpg"", ""distance256"": 0}",prior-inspection-reused,"[""huerta-alcaparras"", ""lasota-alcaparras""]",[],[],same filename plus 256-bit difference hash distance <=8 against inspected optimized source; binary content differs due to resize/reencoding,,
Colo 1.zip,Colo 1/IMG_20261009_165913.jpg,IMG_20261009_165913.jpg,b35a6a4a951323479ab50c0ba5d6172e1d7696d935bddcb62a67cd48dce84c70,3846522,"[4160, 3120]",previous-photo-reencoded,[],,"{""file"": ""IMG_20261009_165913.jpg"", ""distance256"": 1}",prior-inspection-reused,"[""barilla-pesto"", ""trader-olive-pesto""]",[],[],same filename plus 256-bit difference hash distance <=8 against inspected optimized source; binary content differs due to resize/reencoding,,
Colo 1.zip,Colo 1/IMG_20261009_165916.jpg,IMG_20261009_165916.jpg,e915e131291e18b3928a0eeae344865a0a2b2f81e4ec77e79f5e22cfe6bff81e,3906926,"[4160, 3120]",previous-photo-reencoded,[],,"{""file"": ""IMG_20261009_165916.jpg"", ""distance256"": 1}",prior-inspection-reused,"[""huerta-pepinos"", ""trader-basil-pesto""]",[],"[""sonatural-pesto""]",same filename plus 256-bit difference hash distance <=8 against inspected optimized source; binary content differs due to resize/reencoding,,
Colo 1.zip,Colo 1/IMG_20261009_165920.jpg,IMG_20261009_165920.jpg,67a086d1c2e968f2a4a499146c9b71e3ece30d95e8a83f19ca464acb0ae33a4f,3694824,"[4160, 3120]",previous-photo-reencoded,[],,"{""file"": ""IMG_20261009_165920.jpg"", ""distance256"": 1}",prior-inspection-reused,"[""huerta-banderillas"", ""huerta-cocktail""]",[],"[""arroz-alfinete""]",same filename plus 256-bit difference hash distance <=8 against inspected optimized source; binary content differs due to resize/reencoding,,
Colo 1.zip,Colo 1/IMG_20261009_165924.jpg,IMG_20261009_165924.jpg,4c3da4995903aaa45a034d375c8e05e4d8f7b5515ad1a976b9e1bc0313b2f071,3993402,"[4160, 3120]",previous-photo-reencoded,[],,"{""file"": ""IMG_20261009_165924.jpg"", ""distance256"": 0}",prior-inspection-reused,"[""vima-negras""]",[],"[""vima-rellenas""]",same filename plus 256-bit difference hash distance <=8 against inspected optimized source; binary content differs due to resize/reencoding,,
Colo 1.zip,Colo 1/IMG_20261009_165928.jpg,IMG_20261009_165928.jpg,4bf5a90816144eece0e836ebc09c7ceed1f0803c3cc6b27ff05c7a319f27148c,3895442,"[4160, 3120]",previous-photo-reencoded,[],,"{""file"": ""IMG_20261009_165928.jpg"", ""distance256"": 2}",prior-inspection-reused,"[""vima-alinadas""]",[],[],same filename plus 256-bit difference hash distance <=8 against inspected optimized source; binary content differs due to resize/reencoding,,
Colo 1.zip,Colo 1/IMG_20261009_165932.jpg,IMG_20261009_165932.jpg,5983756c02efcfc2b4e2499f812bce070bd65634895dee23a1922eb0c15b27e6,4072174,"[4160, 3120]",previous-photo-reencoded,[],,"{""file"": ""IMG_20261009_165932.jpg"", ""distance256"": 0}",prior-inspection-reused,"[""didi-peras"", ""qbanito-cebollitas""]",[],[],same filename plus 256-bit difference hash distance <=8 against inspected optimized source; binary content differs due to resize/reencoding,,
Colo 1.zip,Colo 1/IMG_20261009_165935.jpg,IMG_20261009_165935.jpg,625b3383d528b57c6db5fa089fdce12c93cfcb9b753fcaa4a12befc4200a08c5,3482435,"[4160, 3120]",previous-photo-reencoded,[],,"{""file"": ""IMG_20261009_165935.jpg"", ""distance256"": 0}",prior-inspection-reused,"[""fairhill-maiz"", ""tom-frijol-cocido""]",[],[],same filename plus 256-bit difference hash distance <=8 against inspected optimized source; binary content differs due to resize/reencoding,,
Colo 1.zip,Colo 1/IMG_20261009_165940.jpg,IMG_20261009_165940.jpg,f95b0c37e4240781548d4748bb94cf1d1615967426d7c3b6b323cd446dfda074,3731661,"[4160, 3120]",previous-photo-reencoded,[],,"{""file"": ""IMG_20261009_165940.jpg"", ""distance256"": 1}",prior-inspection-reused,"[""fairhill-frutas"", ""fairhill-vegetales""]",[],"[""vima-frutas""]",same filename plus 256-bit difference hash distance <=8 against inspected optimized source; binary content differs due to resize/reencoding,,
Colo 1.zip,Colo 1/IMG_20261009_165943.jpg,IMG_20261009_165943.jpg,b2097524d001459dae13d36ec64dde08d25bdcb76c7ced960e315fde2cbc838a,2697089,"[4160, 3120]",previous-photo-reencoded,[],,"{""file"": ""IMG_20261009_165943.jpg"", ""distance256"": 2}",prior-inspection-reused,[],[],[],same filename plus 256-bit difference hash distance <=8 against inspected optimized source; binary content differs due to resize/reencoding,,
Colo 1.zip,Colo 1/IMG_20261009_165949.jpg,IMG_20261009_165949.jpg,550a9bf5e1d9ba8bbac50ba6eeea66f24e1094cc75ec1ef30917385fe200f809,3982569,"[4160, 3120]",previous-photo-reencoded,[],,"{""file"": ""IMG_20261009_165949.jpg"", ""distance256"": 0}",prior-inspection-reused,"[""delcampo-colorados"", ""energy-negros""]",[],"[""delcampo-negros""]",same filename plus 256-bit difference hash distance <=8 against inspected optimized source; binary content differs due to resize/reencoding,,
Colo 1.zip,Colo 1/IMG_20261009_165953.jpg,IMG_20261009_165953.jpg,318d70d8639c7a12874fe9bf9c7271399e377a0df61c35b142153d3e5ca48e36,3854045,"[4160, 3120]",previous-photo-reencoded,[],,"{""file"": ""IMG_20261009_165953.jpg"", ""distance256"": 0}",prior-inspection-reused,"[""energy-negros""]",[],[],same filename plus 256-bit difference hash distance <=8 against inspected optimized source; binary content differs due to resize/reencoding,,
Colo 1.zip,Colo 1/IMG_20261009_165956.jpg,IMG_20261009_165956.jpg,b3433e79d71d3a33e36e4a3c6c7fd4be8381f637e5c7f76520585330d3b4905f,4118076,"[4160, 3120]",previous-photo-reencoded,[],,"{""file"": ""IMG_20261009_165956.jpg"", ""distance256"": 0}",prior-inspection-reused,[],[],"[""arroz-torre""]",same filename plus 256-bit difference hash distance <=8 against inspected optimized source; binary content differs due to resize/reencoding,,
Colo 1.zip,Colo 1/IMG_20261009_165959.jpg,IMG_20261009_165959.jpg,db849221bb2f4290a98154a6de8a8bcc0c386a5894bad3f3cea5bd170d6f033e,4310492,"[4160, 3120]",previous-photo-reencoded,[],,"{""file"": ""IMG_20261009_165959.jpg"", ""distance256"": 0}",prior-inspection-reused,[],[],"[""delcampo-garbanzos"", ""delcampo-lentejas""]",same filename plus 256-bit difference hash distance <=8 against inspected optimized source; binary content differs due to resize/reencoding,,
Colo 1.zip,Colo 1/IMG_20261009_170003.jpg,IMG_20261009_170003.jpg,a48b472698e9b70b8a0a508eeda5b01e92c329f56acfb4d802f06693ce57b0a0,3588953,"[4160, 3120]",new-photo,[],,"{""file"": ""IMG_20261009_165345.jpg"", ""distance256"": 103}",visually-inspected-contact-sheet-and-selected-details,[],"[""delcampo-negros""]",[],,,
Colo 1.zip,Colo 1/IMG_20261009_170008.jpg,IMG_20261009_170008.jpg,5d56933a856c7447adc57dc657c3b729f98c9bba5fd11e90dbfb8f37f0ff8b76,3733851,"[4160, 3120]",new-photo,[],,"{""file"": ""IMG_20261009_165214.jpg"", ""distance256"": 103}",visually-inspected-contact-sheet-and-selected-details,[],"[""arroz-alfinete"", ""arroz-blanco-bolsa""]",[],,,
Colo 1.zip,Colo 1/IMG_20261009_170010.jpg,IMG_20261009_170010.jpg,a0ec3e6d0d8f3f8fcf6b8450458a3f5f366e43c9b4c7d1a1638aec2bfefc84c7,3448021,"[4160, 3120]",new-photo,[],,"{""file"": ""IMG_20261009_165110_1.jpg"", ""distance256"": 101}",visually-inspected-contact-sheet-and-selected-details,[],"[""arroz-alfinete""]",[],,,
Colo 1.zip,Colo 1/IMG_20261009_170014.jpg,IMG_20261009_170014.jpg,7327f8d5875154c6496acb55f9148af10ebda29dcf709f391b7cae4edd92589d,3404824,"[4160, 3120]",new-photo,[],,"{""file"": ""IMG_20261009_165019_1.jpg"", ""distance256"": 98}",visually-inspected-contact-sheet-and-selected-details,[],"[""arroz-blanco-bolsa"", ""cookies-bulk""]",[],,,
Colo 1.zip,Colo 1/IMG_20261009_170022.jpg,IMG_20261009_170022.jpg,6c69efb02a568e7b78c468a83563c0edd01ca7dec787e0884119a18a16fa0481,3560061,"[4160, 3120]",new-photo,[],,"{""file"": ""IMG_20261009_165935.jpg"", ""distance256"": 97}",visually-inspected-contact-sheet-and-selected-details,[],"[""trigo-bolsa-1kg"", ""trigo-gloria"", ""maicena-450""]",[],,,
Colo 1.zip,Colo 1/IMG_20261009_170025.jpg,IMG_20261009_170025.jpg,eeeea012f766ada6582cc1d3db91aa4f74b4b553f85170b774ac45be10857c04,5312484,"[4160, 3120]",new-photo,[],,"{""file"": ""IMG_20261009_165743_1.jpg"", ""distance256"": 96}",visually-inspected-contact-sheet-and-selected-details,[],"[""chefscupboard-buterry""]",[],,,
Colo 1.zip,Colo 1/IMG_20261009_170027.jpg,IMG_20261009_170027.jpg,ea3a0bb84b70e83c0da71023ed5c3a02d57268378de713d3e30ff2eb2e8a2ddc,3343131,"[4160, 3120]",new-photo,[],,"{""file"": ""IMG_20261009_165247.jpg"", ""distance256"": 96}",visually-inspected-contact-sheet-and-selected-details,[],"[""chefscupboard-buterry""]",[],,,
Colo 1.zip,Colo 1/IMG_20261009_170032.jpg,IMG_20261009_170032.jpg,118b1f710871399dcd20dc5c38eb238ed44dcc77eeb07d2be8f93f2eead1f775,3924050,"[4160, 3120]",new-photo,[],,"{""file"": ""IMG_20261009_165247.jpg"", ""distance256"": 88}",visually-inspected-contact-sheet-and-selected-details,[],"[""cookies-bulk""]",[],,,
Colo 1.zip,Colo 1/IMG_20261009_170038.jpg,IMG_20261009_170038.jpg,b4dd79fb8bfb96b6ae83320df1f2be51e3d6a2a4d9fda4af163ede14d7c45a1b,3915678,"[4160, 3120]",new-photo,[],,"{""file"": ""IMG_20261009_165853_1.jpg"", ""distance256"": 100}",visually-inspected-contact-sheet-and-selected-details,[],"[""savvyfare-rice"", ""spanish-rice"", ""timeowise-rice"", ""santa-lasagna"", ""marchi-salt""]",[],,,
Colo 1.zip,Colo 1/IMG_20261009_170041.jpg,IMG_20261009_170041.jpg,b5a0ade3faef1ebfdc46e32dcf317cd16469cd798c9a2fb6e78ba6973dfd51eb,3336052,"[4160, 3120]",new-photo,[],,"{""file"": ""IMG_20261009_164915_1.jpg"", ""distance256"": 104}",visually-inspected-contact-sheet-and-selected-details,[],"[""savvyfare-rice"", ""spanish-rice"", ""timeowise-rice"", ""santa-lasagna""]",[],,,
Colo 1.zip,Colo 1/IMG_20261009_170045.jpg,IMG_20261009_170045.jpg,ae8cd7789e2c788670ac03aa19fc5bd6070f82eb72f57a925cbd423ae4d1efa8,3166725,"[4160, 3120]",new-photo,[],,"{""file"": ""IMG_20261009_165627_1.jpg"", ""distance256"": 95}",visually-inspected-contact-sheet-and-selected-details,[],"[""marchi-salt"", ""white-bulk""]",[],,,
Colo 1.zip,Colo 1/IMG_20261009_170047.jpg,IMG_20261009_170047.jpg,08d486603c9c6b8881abb54cfc17a9c9175fc771b1a5cfb87dfae283b99b631d,3475559,"[4160, 3120]",new-photo,[],,"{""file"": ""IMG_20261009_165321.jpg"", ""distance256"": 87}",visually-inspected-contact-sheet-and-selected-details,[],"[""white-bulk""]",[],,,
Colo 1.zip,Colo 1/IMG_20261009_170051.jpg,IMG_20261009_170051.jpg,3ef1e864ee0cb44a298b7fc5dfa5cd21463303287b43f91c2db6fbcd19888747,2826082,"[4160, 3120]",new-photo,[],,"{""file"": ""IMG_20261009_165045.jpg"", ""distance256"": 104}",visually-inspected-contact-sheet-and-selected-details,[],"[""torre-pink-salt""]",[],,,
Colo 1.zip,Colo 1/IMG_20261009_170054.jpg,IMG_20261009_170054.jpg,5743740e127239d1700d8262a2e67f2f8e6614e6b291abaf24b54988db022784,3081764,"[4160, 3120]",new-photo,[],,"{""file"": ""IMG_20261009_165853_1.jpg"", ""distance256"": 101}",visually-inspected-contact-sheet-and-selected-details,[],"[""torre-pink-salt"", ""sal-fina-azul""]",[],,,
Colo 1.zip,Colo 1/IMG_20261009_170105_1.jpg,IMG_20261009_170105_1.jpg,a0c548b68ef3e0c87abc5a491eaaea3f2650e99c7c2679407f58b00805edd744,3234774,"[4160, 3120]",new-photo,[],,"{""file"": ""IMG_20261009_165106_1.jpg"", ""distance256"": 98}",visually-inspected-contact-sheet-and-selected-details,[],"[""taoro-guayaba""]",[],,,
Colo 1.zip,Colo 1/IMG_20261009_170108.jpg,IMG_20261009_170108.jpg,144d6e0124035bb26cc9ffbd19a1f13239ab2271a397dbb85d93abf01a24f2a6,4005508,"[4160, 3120]",new-photo,[],,"{""file"": ""IMG_20261009_165333.jpg"", ""distance256"": 105}",visually-inspected-contact-sheet-and-selected-details,[],"[""monster-pipeline"", ""monster-mango"", ""monster-tropical""]",[],,,
Colo 1.zip,Colo 1/IMG_20261009_170110_1.jpg,IMG_20261009_170110_1.jpg,e3b0090e54d7fb62168068d9b52425f5ec1895cece229cf7ecf59717ca67d974,3805183,"[4160, 3120]",new-photo,[],,"{""file"": ""IMG_20261009_165910.jpg"", ""distance256"": 93}",visually-inspected-contact-sheet-and-selected-details,[],"[""tropigusto-mango"", ""tropigusto-pineapple"", ""tropigusto-banana"", ""tropigusto-peach""]",[],,,
Colo 1.zip,Colo 1/IMG_20261009_170114.jpg,IMG_20261009_170114.jpg,4a6c1d8d8f119ef62fc99f6ebcc32f7162961fe0b4fcf5b8107d7060ab70c576,3807949,"[4160, 3120]",new-photo,[],,"{""file"": ""IMG_20261009_165928.jpg"", ""distance256"": 104}",visually-inspected-contact-sheet-and-selected-details,[],"[""bahamas-juice"", ""bali-juice""]",[],,,
Colo 1.zip,Colo 1/IMG_20261009_170117.jpg,IMG_20261009_170117.jpg,7f06913e5496e81ee0fb43b6a0d16be61be956f84e2bca8fcf9aeeae94736249,2893285,"[4160, 3120]",new-photo,[],,"{""file"": ""IMG_20261009_165321.jpg"", ""distance256"": 99}",visually-inspected-contact-sheet-and-selected-details,[],"[""water-whitecap""]",[],,,
Colo 1.zip,Colo 1/IMG_20261009_170122_1.jpg,IMG_20261009_170122_1.jpg,5ec1b3e32f9b5deb4e034bcc71d278850775437221e9b80a73634c773f7d9291,2960237,"[4160, 3120]",new-photo,[],,"{""file"": ""IMG_20261009_165013_1.jpg"", ""distance256"": 81}",visually-inspected-contact-sheet-and-selected-details,"[""coca-cola-355""]",[],[],,,
Colo 1.zip,Colo 1/IMG_20261009_170126.jpg,IMG_20261009_170126.jpg,a72f7fad1ad6d5874eac4ff1490b16fff27165b8bcf4ccbea5484976751721f1,4343752,"[4160, 3120]",new-photo,[],,"{""file"": ""IMG_20261009_165106_1.jpg"", ""distance256"": 87}",visually-inspected-contact-sheet-and-selected-details,[],"[""boom-cola"", ""boom-lime""]",[],,,
Colo 1.zip,Colo 1/IMG_20261009_170128.jpg,IMG_20261009_170128.jpg,888a9b1005749d56a816136d8a13497b6ef777575924354f904d287d11dea2e2,3582908,"[4160, 3120]",new-photo,[],,"{""file"": ""IMG_20261009_165207.jpg"", ""distance256"": 99}",visually-inspected-contact-sheet-and-selected-details,[],"[""sunny-tamarind""]",[],,,
Colo 1.zip,Colo 1/IMG_20261009_170131.jpg,IMG_20261009_170131.jpg,5baf5b3dbda5e0bc40686fdec6ef99095afc0fc2cae94828809371615c2d3c36,3114714,"[4160, 3120]",new-photo,[],,"{""file"": ""IMG_20261009_165834.jpg"", ""distance256"": 97}",visually-inspected-contact-sheet-and-selected-details,[],"[""water-blue""]",[],,,
Colo 1.zip,Colo 1/IMG_20261009_170138.jpg,IMG_20261009_170138.jpg,63723e3e89f41cf3c442fd590f4f07543fd64745e0f10827059795b9e6579ea9,3717082,"[4160, 3120]",new-photo,[],,"{""file"": ""IMG_20261009_165824_1.jpg"", ""distance256"": 94}",visually-inspected-contact-sheet-and-selected-details,[],"[""unlaguer-330""]",[],,,
Colo 1.zip,Colo 1/IMG_20261009_170140.jpg,IMG_20261009_170140.jpg,1222478289405369e78c4818606497792cfe55c17d0e288a782af6dea3ee139c,3676403,"[4160, 3120]",new-photo,[],,"{""file"": ""IMG_20261009_165638_1.jpg"", ""distance256"": 100}",visually-inspected-contact-sheet-and-selected-details,[],"[""tropigusto-mango"", ""tropigusto-banana""]",[],,,
Colo 1.zip,Colo 1/IMG_20261009_170152.jpg,IMG_20261009_170152.jpg,4c3811ef8077a71242f713cf60140e8ab8e4f41aaec675c21c134596e6e06fb6,3161374,"[4160, 3120]",new-photo,[],,"{""file"": ""IMG_20261009_165207.jpg"", ""distance256"": 111}",visually-inspected-contact-sheet-and-selected-details,[],"[""shani""]",[],,,
Colo 1.zip,Colo 1/IMG_20261009_170157.jpg,IMG_20261009_170157.jpg,ea89acbafd3451dbe2373c296f6cb92b9940cad5221ca5577dc160335ddb7810,2778865,"[4160, 3120]",new-photo,[],,"{""file"": ""IMG_20261009_165200.jpg"", ""distance256"": 96}",visually-inspected-contact-sheet-and-selected-details,[],"[""sunny-peach""]",[],,,
Colo 1.zip,Colo 1/IMG_20261009_170211.jpg,IMG_20261009_170211.jpg,5f44e567708c7c5bbf5232b7971be98bb631e3a071eae01962ab57e453a50cec,3942991,"[4160, 3120]",new-photo,[],,"{""file"": ""IMG_20261009_165430.jpg"", ""distance256"": 95}",visually-inspected-contact-sheet-and-selected-details,[],"[""members-lemonpepper"", ""mccormick-montrealsteak"", ""mccormick-montrealchicken"", ""members-redpepper"", ""members-thyme"", ""kitano-basil""]",[],,,
Colo 1.zip,Colo 1/IMG_20261009_170217.jpg,IMG_20261009_170217.jpg,86d3547f42cdd59254d4f0031491e93fc1eb794b600cf457f46055b403e6f209,3817330,"[4160, 3120]",new-photo,[],,"{""file"": ""IMG_20261009_165853_1.jpg"", ""distance256"": 106}",visually-inspected-contact-sheet-and-selected-details,[],"[""amanhecer-whitepepper"", ""amanhecer-turmeric"", ""amanhecer-clove"", ""homebrothers-bbq"", ""heavenly-garlic"", ""kingsford-lemon"", ""badia-oregano"", ""amanhecer-parsley"", ""carmencita-marisco"", ""carmencita-bbq"", ""carmencita-picante"", ""carmencita-pollo""]",[],,,
Colo 1.zip,Colo 1/IMG_20261009_170221.jpg,IMG_20261009_170221.jpg,20d98a672705706e0128cc94464a94a7f2cbe83b87e7ae7b5add477a02bfc1e6,3520799,"[4160, 3120]",new-photo,[],,"{""file"": ""IMG_20261009_165856_1.jpg"", ""distance256"": 94}",visually-inspected-contact-sheet-and-selected-details,[],"[""davia-passata"", ""prego-traditional""]",[],,,
Colo 1.zip,Colo 1/IMG_20261009_170222_1.jpg,IMG_20261009_170222_1.jpg,44059dd3b0cd94b31985926a32656a1ad37f31500465b640550f6616f33891da,2988439,"[4160, 3120]",new-photo,[],,"{""file"": ""IMG_20261009_165407.jpg"", ""distance256"": 96}",visually-inspected-contact-sheet-and-selected-details,[],"[""tomate-triturado"", ""ourhouse-tomato""]",[],,,
Colo 1.zip,Colo 1/IMG_20261009_170225_1.jpg,IMG_20261009_170225_1.jpg,3cbf75ad320350f279c37f3a0906baeda25203ff45cc0d3eb6f6660f68c98d9d,2742909,"[4160, 3120]",new-photo,[],,"{""file"": ""IMG_20261009_165853_1.jpg"", ""distance256"": 96}",visually-inspected-contact-sheet-and-selected-details,[],"[""ourhouse-tomato""]",[],,,
Colo 1.zip,Colo 1/IMG_20261009_170228.jpg,IMG_20261009_170228.jpg,ff277c4806731342a54504b08df4d114ba2854406dbb1e7584b485c47fb1527c,2741821,"[4160, 3120]",new-photo,[],,"{""file"": ""IMG_20261009_165920.jpg"", ""distance256"": 108}",visually-inspected-contact-sheet-and-selected-details,[],"[""tagliamonte-pomodoro""]",[],,,
Colo 1.zip,Colo 1/IMG_20261009_170232.jpg,IMG_20261009_170232.jpg,adf7e9c8830c99f18bc324c128ee760f6d486f5190cbcb8f73c69eca43a08231,3505828,"[4160, 3120]",new-photo,[],,"{""file"": ""IMG_20261009_165321.jpg"", ""distance256"": 90}",visually-inspected-contact-sheet-and-selected-details,[],"[""ragu-garlic"", ""mantias-parmesan"", ""gv-cheddar-wow"", ""gv-american-wow"", ""gv-extrasharp-wow""]",[],,,
Colo 1.zip,Colo 1/IMG_20261009_170234.jpg,IMG_20261009_170234.jpg,b97242b87be7cbf266b6ed66e0e5ae4637f5e030edb97bad222cfc554a836126,3365281,"[4160, 3120]",new-photo,[],,"{""file"": ""IMG_20261009_165932.jpg"", ""distance256"": 100}",visually-inspected-contact-sheet-and-selected-details,[],"[""davia-passata"", ""prego-traditional"", ""ragu-garlic""]",[],,,
colo 0.zip,colo 0/IMG_20261009_170954_1.jpg,IMG_20261009_170954_1.jpg,d79d722a2a10468be967f20e9653550eff83834963c3560e08e0849730daded6,2772641,"[4160, 3120]",new-photo,[],,"{""file"": ""IMG_20261009_165207.jpg"", ""distance256"": 104}",visually-inspected-contact-sheet-and-selected-details,[],"[""offley-white""]",[],,,
colo 0.zip,colo 0/IMG_20261009_171001_1.jpg,IMG_20261009_171001_1.jpg,20f67efaa9666897a7294b62c8c717338335b79daed3ee26738e5fd67b2ca599,2589952,"[3120, 4160]",new-photo,[],,"{""file"": ""IMG_20261009_165200.jpg"", ""distance256"": 98}",visually-inspected-contact-sheet-and-selected-details,[],"[""gatonegro-white""]",[],,,
colo 0.zip,colo 0/IMG_20261009_171010.jpg,IMG_20261009_171010.jpg,b94ec9990e570f46463f88eb2fafb79f6fd5d7e619c189bc983e1220f2eaf146,4607250,"[4160, 3120]",new-photo,[],,"{""file"": ""IMG_20261009_164949_1.jpg"", ""distance256"": 99}",visually-inspected-contact-sheet-and-selected-details,[],"[""havana-ritual"", ""havana-especial"", ""suau-15"", ""suau-8""]",[],,,
colo 0.zip,colo 0/IMG_20261009_171013.jpg,IMG_20261009_171013.jpg,693fe59cbbad7cad231e3fd2dc59b42be9d6ce972778955a3783d5955a0d18ec,3174853,"[3120, 4160]",new-photo,[],,"{""file"": ""IMG_20261009_165157.jpg"", ""distance256"": 110}",visually-inspected-contact-sheet-and-selected-details,[],"[""havana-ritual"", ""havana-especial""]",[],,,
colo 0.zip,colo 0/IMG_20261009_171016.jpg,IMG_20261009_171016.jpg,7869a50d0e2460946108c7190f0cf17bc5b3c5b438515c84adadb54fa7940f0f,2782555,"[4160, 3120]",new-photo,[],,"{""file"": ""IMG_20261009_165714.jpg"", ""distance256"": 108}",visually-inspected-contact-sheet-and-selected-details,[],"[""havana-reserva""]",[],,,
colo 0.zip,colo 0/IMG_20261009_171027.jpg,IMG_20261009_171027.jpg,f909b096e158058f64d2131cc81451b833ce73917622d7fd4b66aae8afd3ebb6,4433752,"[4160, 3120]",new-photo,[],,"{""file"": ""IMG_20261009_164913_1.jpg"", ""distance256"": 97}",visually-inspected-contact-sheet-and-selected-details,[],"[""planta-santa"", ""gordons"", ""jodhpur-reserve"", ""jodhpur-mandore"", ""jodhpur-spicy""]",[],,,
colo 0.zip,colo 0/IMG_20261009_171031.jpg,IMG_20261009_171031.jpg,73206b1cdd376b58b73886c83e956597cb099f04ff064b80ec66bc2b8fb72927,4186994,"[4160, 3120]",new-photo,[],,"{""file"": ""IMG_20261009_164939.jpg"", ""distance256"": 105}",visually-inspected-contact-sheet-and-selected-details,[],"[""santacarolina-rose"", ""santacarolina-sauvignon"", ""celeste-verdejo"", ""vinasol"", ""vina-esmeralda""]",[],,,
colo 0.zip,colo 0/IMG_20261009_171034.jpg,IMG_20261009_171034.jpg,f1ce2fda5d0ab2e9d878bf823d66c643a68d91e76706c44349ed8700924a28e1,4104519,"[4160, 3120]",new-photo,[],,"{""file"": ""IMG_20261009_165236.jpg"", ""distance256"": 104}",visually-inspected-contact-sheet-and-selected-details,[],"[""santacarolina-rose"", ""santacarolina-sauvignon"", ""celeste-verdejo"", ""sangretoro-red"", ""sangretoro-white""]",[],,,
colo 0.zip,colo 0/IMG_20261009_171036.jpg,IMG_20261009_171036.jpg,63847d50ac59b137cab88d28caee6fdb09dc654ae533535e922810e8ef0c2dcb,4238526,"[4160, 3120]",new-photo,[],,"{""file"": ""IMG_20261009_165257.jpg"", ""distance256"": 98}",visually-inspected-contact-sheet-and-selected-details,[],"[""santacarolina-rose"", ""sangretoro-red"", ""sangretoro-white"", ""sangretoro-rose""]",[],,,
colo 0.zip,colo 0/IMG_20261009_171154_1.jpg,IMG_20261009_171154_1.jpg,912f4b8c73f2760b5fa6a5a68c2b2fa7e078283e87bb3047c6ca25a46768bea9,3706030,"[4160, 3120]",new-photo,[],,"{""file"": ""IMG_20261009_164901.jpg"", ""distance256"": 110}",visually-inspected-contact-sheet-and-selected-details,[],"[""nestia-plantain""]",[],,,
colo 0.zip,colo 0/IMG_20261009_171202_1.jpg,IMG_20261009_171202_1.jpg,da3a306d50a92762f17ee62525954816858d3c7e84689cc99995daa4e42b1a7d,3549235,"[4160, 3120]",new-photo,[],,"{""file"": ""IMG_20261009_164957_1.jpg"", ""distance256"": 105}",visually-inspected-contact-sheet-and-selected-details,[],"[""wapa-chorizo"", ""wapa-butifarra"", ""bolitas-queso""]",[],,,
colo 0.zip,colo 0/IMG_20261009_171207.jpg,IMG_20261009_171207.jpg,adbf73f7f73925687a030b71cbb3c69dbc12d5911a10a5c0c2e3b92415e6909b,2780502,"[4160, 3120]",new-photo,[],,"{""file"": ""IMG_20261009_165257.jpg"", ""distance256"": 100}",visually-inspected-contact-sheet-and-selected-details,[],"[""morcilla"", ""bratwurst-cerdo""]",[],,,
colo 0.zip,colo 0/IMG_20261009_171212.jpg,IMG_20261009_171212.jpg,e261fd73460da6e3043dd0c5b034047fba31bf6f3da91311cb612c18c91b4967,3405432,"[4160, 3120]",new-photo,[],,"{""file"": ""IMG_20261009_165309.jpg"", ""distance256"": 101}",visually-inspected-contact-sheet-and-selected-details,[],"[""morcilla"", ""bratwurst-cerdo""]",[],,,
colo 0.zip,colo 0/IMG_20261009_171215.jpg,IMG_20261009_171215.jpg,c1b13cce598dd16cb3616d75c6129dccbd30d5f1aa073fa3ff0a3ec783ae4922,3712142,"[4160, 3120]",new-photo,[],,"{""file"": ""IMG_20261009_165856_1.jpg"", ""distance256"": 88}",visually-inspected-contact-sheet-and-selected-details,[],"[""wapa-chorizo""]",[],,,
colo 0.zip,colo 0/IMG_20261009_171218_1.jpg,IMG_20261009_171218_1.jpg,7c51faad2b5304ea489edc222414f4cff296d664a098c103890065f717cac264,2910642,"[4160, 3120]",new-photo,[],,"{""file"": ""IMG_20261009_165830.jpg"", ""distance256"": 98}",visually-inspected-contact-sheet-and-selected-details,[],"[""bolitas-queso"", ""raviolis""]",[],,,
colo 0.zip,colo 0/IMG_20261009_171221.jpg,IMG_20261009_171221.jpg,8a9cf772aaf817265b96fbd384357fcb8c24c61e1f395e979a05b4cba028ba46,2954953,"[4160, 3120]",new-photo,[],,"{""file"": ""IMG_20261009_165227.jpg"", ""distance256"": 104}",visually-inspected-contact-sheet-and-selected-details,[],"[""hamburguesas-cerdo"", ""albondigas-cerdo""]",[],,,
colo 0.zip,colo 0/IMG_20261009_171225.jpg,IMG_20261009_171225.jpg,ff1b5745dff6d2b6de7941f982070009052a3c1adc2f5577890bece058178c3d,3083833,"[4160, 3120]",new-photo,[],,"{""file"": ""IMG_20261009_165016_1.jpg"", ""distance256"": 109}",visually-inspected-contact-sheet-and-selected-details,[],"[""bolitas-queso"", ""raviolis""]",[],,,
colo 0.zip,colo 0/IMG_20261009_171228.jpg,IMG_20261009_171228.jpg,306bd67017f5956b47cb1db6c19a75873e3a7bba1c3904175f8e4587afcbfb31,3218945,"[4160, 3120]",new-photo,[],,"{""file"": ""IMG_20261009_165851.jpg"", ""distance256"": 97}",visually-inspected-contact-sheet-and-selected-details,[],"[""hamburguesas-cerdo"", ""albondigas-cerdo""]",[],,,
colo 0.zip,colo 0/IMG_20261009_171247.jpg,IMG_20261009_171247.jpg,0684c35dddecc5347dc708888b3f94de3b8f8a5c67e852ad2a5d0f989324434a,3622032,"[4160, 3120]",new-photo,[],,"{""file"": ""IMG_20261009_165856_1.jpg"", ""distance256"": 105}",visually-inspected-contact-sheet-and-selected-details,[],"[""bravo-mortadela""]",[],,,
colo 0.zip,colo 0/IMG_20261009_171251_1.jpg,IMG_20261009_171251_1.jpg,b0202d80c5523d6d5012dbafb02b1516624bfa2f2eff65d0b4ceb292215b0077,3202770,"[4160, 3120]",new-photo,[],,"{""file"": ""IMG_20261009_165207.jpg"", ""distance256"": 84}",visually-inspected-contact-sheet-and-selected-details,[],"[""bravo-jamon-barra"", ""bravo-jamon-cocido""]",[],,,
colo 0.zip,colo 0/IMG_20261009_171258.jpg,IMG_20261009_171258.jpg,59a247cef1e92be51fa7bbadba588e1340d0c305d1eae9ef456dd4469fb7c7d9,3292886,"[3120, 4160]",new-photo,[],,"{""file"": ""IMG_20261009_165222.jpg"", ""distance256"": 106}",visually-inspected-contact-sheet-and-selected-details,[],"[""queso-iberico""]",[],,,
colo 0.zip,colo 0/IMG_20261009_171304.jpg,IMG_20261009_171304.jpg,26cd118800a256e7e0759535a9983bd9916611bacbc374fcb0acdefb910ddd15,3146725,"[3120, 4160]",new-photo,[],,"{""file"": ""IMG_20261009_165236.jpg"", ""distance256"": 109}",visually-inspected-contact-sheet-and-selected-details,[],"[""queso-iberico"", ""bravo-pasta-boca"", ""frico-gouda""]",[],,,
colo 0.zip,colo 0/IMG_20261009_171306.jpg,IMG_20261009_171306.jpg,0154649b1a3eb34d2329663182b2d7ecbe1e3064d3236384c6c270b74d64f079,2635772,"[3120, 4160]",new-photo,[],,"{""file"": ""IMG_20261009_164918_1.jpg"", ""distance256"": 108}",visually-inspected-contact-sheet-and-selected-details,[],"[""renypicot-mantequilla"", ""frico-gouda""]",[],,,
colo 0.zip,colo 0/IMG_20261009_171308_1.jpg,IMG_20261009_171308_1.jpg,0309b32a8597e7a7aebe50951beb3fd2684878c54b032bfe7ebcc87d686e9a64,2759665,"[3120, 4160]",new-photo,[],,"{""file"": ""IMG_20261009_165333.jpg"", ""distance256"": 101}",visually-inspected-contact-sheet-and-selected-details,[],"[""president-camembert"", ""president-brie""]",[],,,
colo 0.zip,colo 0/IMG_20261009_171321.jpg,IMG_20261009_171321.jpg,d2d432d4e37282ca5ed7ec24d852fd1821abaafbe758c2b4968d1f78dc5a2fc6,3343713,"[4160, 3120]",new-photo,[],,"{""file"": ""IMG_20261009_165337.jpg"", ""distance256"": 108}",visually-inspected-contact-sheet-and-selected-details,[],"[""planta-santa"", ""pacto-navio"", ""carafiestas""]",[],,,
colo 0.zip,colo 0/IMG_20261009_171323_1.jpg,IMG_20261009_171323_1.jpg,6a13ab1562915ed6ed092ea9f5c2333cd28827f223a646862ce6e03a791a6a2f,2932266,"[4160, 3120]",new-photo,[],,"{""file"": ""IMG_20261009_165321.jpg"", ""distance256"": 73}",visually-inspected-contact-sheet-and-selected-details,[],"[""carafiestas"", ""altos-reposado""]",[],,,
colo 0.zip,colo 0/IMG_20261009_171327.jpg,IMG_20261009_171327.jpg,f2480067ecb9c592ba82cd9030c06a7c693fd7e734ed5d77681edf0bbb424fd5,3205059,"[4160, 3120]",new-photo,[],,"{""file"": ""IMG_20261009_165214.jpg"", ""distance256"": 94}",visually-inspected-contact-sheet-and-selected-details,[],"[""altos-reposado"", ""olmeca-reposado""]",[],,,
colo 0.zip,colo 0/IMG_20261009_171328_1.jpg,IMG_20261009_171328_1.jpg,2aae0fad5864e6c1fe1b07042ea28c64bccd7279c197ee83b4de9c2bc67ea96a,2984265,"[4160, 3120]",new-photo,[],,"{""file"": ""IMG_20261009_165309.jpg"", ""distance256"": 96}",visually-inspected-contact-sheet-and-selected-details,[],"[""jw-doubleblack"", ""glenlivet-founders"", ""jw-redlabel""]",[],,,
colo 0.zip,colo 0/IMG_20261009_171331_1.jpg,IMG_20261009_171331_1.jpg,72ed275b8126562e7c3952769c3e91267d78e06cf53b76ae7e6ec8613326dabf,2817931,"[4160, 3120]",new-photo,[],,"{""file"": ""IMG_20261009_165110_1.jpg"", ""distance256"": 93}",visually-inspected-contact-sheet-and-selected-details,[],"[""jw-redlabel"", ""jw-bluelabel"", ""jameson"", ""ballantines""]",[],,,
colo 0.zip,colo 0/IMG_20261009_171335.jpg,IMG_20261009_171335.jpg,1cfff71fdd18c71b54d05fba785c32853db17f736644fd40ce410032c667a663,2715833,"[4160, 3120]",new-photo,[],,"{""file"": ""IMG_20261009_165638_1.jpg"", ""distance256"": 99}",visually-inspected-contact-sheet-and-selected-details,[],"[""jameson"", ""ballantines""]",[],,,
colo 0.zip,colo 0/IMG_20261009_171339.jpg,IMG_20261009_171339.jpg,476f1925f47e54484c8a6e51646d021026e89e2cb2c70ce6c95f281a5b8ccb6a,3547765,"[4160, 3120]",new-photo,[],,"{""file"": ""IMG_20261009_165642_1.jpg"", ""distance256"": 102}",visually-inspected-contact-sheet-and-selected-details,[],"[""armageddon"", ""absolut"", ""ciroc""]",[],,,
colo 0.zip,colo 0/IMG_20261009_171341.jpg,IMG_20261009_171341.jpg,e6d6ab915323cc6f3d0759e5fcb9731057659e1a69fd8d0d85003c45789eaa38,3480698,"[4160, 3120]",new-photo,[],,"{""file"": ""IMG_20261009_165045.jpg"", ""distance256"": 101}",visually-inspected-contact-sheet-and-selected-details,[],"[""jodhpur-mandore"", ""jodhpur-londondry"", ""beefeater""]",[],,,
colo 0.zip,colo 0/IMG_20261009_171345.jpg,IMG_20261009_171345.jpg,31d119753b86d0ead0e609066adf414f57d25419c96f2b9be6fb3cc9b1e76767,3896805,"[4160, 3120]",new-photo,[],,"{""file"": ""IMG_20261009_165120.jpg"", ""distance256"": 109}",visually-inspected-contact-sheet-and-selected-details,[],"[""tanqueray"", ""santiago-11"", ""santiago-12""]",[],,,
colo 0.zip,colo 0/IMG_20261009_171348.jpg,IMG_20261009_171348.jpg,416f35694f65a442831fe55c9617e39f8e67dec6ba960356c42b91d281df7c0e,3593865,"[4160, 3120]",new-photo,[],,"{""file"": ""IMG_20261009_165309.jpg"", ""distance256"": 103}",visually-inspected-contact-sheet-and-selected-details,[],"[""santiago-8"", ""santiago-blanca""]",[],,,
colo 0.zip,colo 0/IMG_20261009_171351.jpg,IMG_20261009_171351.jpg,310c736596a47f4fc6b9e2581a849f9980fcecb43feddfbd10fbbca520fa5b73,3564008,"[4160, 3120]",new-photo,[],,"{""file"": ""IMG_20261009_165144.jpg"", ""distance256"": 94}",visually-inspected-contact-sheet-and-selected-details,[],"[""santiago-blanca"", ""santiago-anejo"", ""santiago-oscura""]",[],,,
colo 0.zip,colo 0/IMG_20261009_171356.jpg,IMG_20261009_171356.jpg,7a519b69bed24ac0e98466d2ac4a4039075e075d54d52b50bd7f98e69b1f4c37,3005049,"[4160, 3120]",new-photo,[],,"{""file"": ""IMG_20261009_164901.jpg"", ""distance256"": 114}",visually-inspected-contact-sheet-and-selected-details,[],"[""havana-ritual"", ""havana-especial"", ""havana-reserva""]",[],,,
colo 0.zip,colo 0/IMG_20261009_171400.jpg,IMG_20261009_171400.jpg,49665c8e4d325291611b9fb843adf8734249b9b0b3f659e105d910201713e154,3194873,"[3120, 4160]",new-photo,[],,"{""file"": ""IMG_20261009_164901.jpg"", ""distance256"": 104}",visually-inspected-contact-sheet-and-selected-details,[],"[""havana-ritual""]",[],,,
colo 0.zip,colo 0/IMG_20261009_171405.jpg,IMG_20261009_171405.jpg,5d06b99db2b4e219b1b3f7c4c388d142b18f169e87b3715fc228949bf0d9ab88,3645398,"[4160, 3120]",new-photo,[],,"{""file"": ""IMG_20261009_165138.jpg"", ""distance256"": 99}",visually-inspected-contact-sheet-and-selected-details,[],"[""havana-especial"", ""havana-reserva"", ""havana-profundo"", ""havana-maestros""]",[],,,
colo 0.zip,colo 0/IMG_20261009_171408.jpg,IMG_20261009_171408.jpg,076fe1544abb2c1e2a1095c0154b580e6db9413607c21f7dc1d68c8e4130b3f0,3429328,"[4160, 3120]",new-photo,[],,"{""file"": ""IMG_20261009_165840.jpg"", ""distance256"": 109}",visually-inspected-contact-sheet-and-selected-details,[],"[""havana-profundo"", ""havana-maestros"", ""havana-spiced"", ""havana-7""]",[],,,
colo 0.zip,colo 0/IMG_20261009_171417.jpg,IMG_20261009_171417.jpg,797408c5a792c19b1cd6303d1799ca45237ba61d78e2ec85864e3d279c03a7b9,3512012,"[4160, 3120]",new-photo,[],,"{""file"": ""IMG_20261009_165935.jpg"", ""distance256"": 105}",visually-inspected-contact-sheet-and-selected-details,[],"[""molinari"", ""legendario""]",[],,,
colo 0.zip,colo 0/IMG_20261009_171420.jpg,IMG_20261009_171420.jpg,8c36fd2755791eba63ce56227055ef591b6faedbe38a0b025d53ce48046721be,3892244,"[4160, 3120]",new-photo,[],,"{""file"": ""IMG_20261009_165851.jpg"", ""distance256"": 98}",visually-inspected-contact-sheet-and-selected-details,[],"[""havana-3""]",[],,,
colo 0.zip,colo 0/IMG_20261009_171423.jpg,IMG_20261009_171423.jpg,db9b7e36ed06627d6f96c665dc87690442059b266b93c6d7f8a0c67f9bd1cb9e,3273412,"[4160, 3120]",new-photo,[],,"{""file"": ""IMG_20261009_165913.jpg"", ""distance256"": 102}",visually-inspected-contact-sheet-and-selected-details,[],"[""jagermeister-1l"", ""jagermeister-700""]",[],,,
colo 0.zip,colo 0/IMG_20261009_171427.jpg,IMG_20261009_171427.jpg,35f097d8e25824b486b2caf4e2a23aeb6ae770ddd01ec184a4e06908e49af11e,3204388,"[4160, 3120]",new-photo,[],,"{""file"": ""IMG_20261009_165128.jpg"", ""distance256"": 107}",visually-inspected-contact-sheet-and-selected-details,[],"[""sangretoro-red"", ""sangretoro-rose"", ""sangretoro-special""]",[],,,
colo 0.zip,colo 0/IMG_20261009_171432.jpg,IMG_20261009_171432.jpg,e47101db33eb3444cd758f59babe6caaad1e1f579bbfd15f3f32eefedda18520,3372609,"[4160, 3120]",new-photo,[],,"{""file"": ""IMG_20261009_164927_1.jpg"", ""distance256"": 105}",visually-inspected-contact-sheet-and-selected-details,[],"[""vinasol"", ""sangretoro-red"", ""sangretoro-white""]",[],,,
colo 0.zip,colo 0/IMG_20261009_171435.jpg,IMG_20261009_171435.jpg,d1ba60f2ce3d40d5daa3de989d3454f2fc0c9eb231b9a7133051127fcc2e2a88,3600787,"[4160, 3120]",new-photo,[],,"{""file"": ""IMG_20261009_165824_1.jpg"", ""distance256"": 104}",visually-inspected-contact-sheet-and-selected-details,[],"[""santacarolina-rose"", ""santacarolina-sauvignon"", ""celeste-verdejo""]",[],,,
colo 0.zip,colo 0/IMG_20261009_171438.jpg,IMG_20261009_171438.jpg,d1d58c2ebbfb85ec8d888b8f70324a28961c87965ff193ef0ea4369a05d3f10c,4267331,"[4160, 3120]",new-photo,[],,"{""file"": ""IMG_20261009_165910.jpg"", ""distance256"": 98}",visually-inspected-contact-sheet-and-selected-details,[],"[""molinari""]",[],,,
colo 0.zip,colo 0/IMG_20261009_171446.jpg,IMG_20261009_171446.jpg,ed0e53e9a6ffaf3a79a23b6afa0936932c5746b10b3d27355ecf72fc133056fe,3199054,"[4160, 3120]",new-photo,[],,"{""file"": ""IMG_20261009_165309.jpg"", ""distance256"": 92}",visually-inspected-contact-sheet-and-selected-details,[],"[""res-molida""]",[],,,
colo 0.zip,colo 0/IMG_20261009_171447_1.jpg,IMG_20261009_171447_1.jpg,e69e015141aab1cd6bc8508f86b8d4eddf3f9da1078a8d9cf9c468bddbc1cdb6,2497118,"[4160, 3120]",new-photo,[],,"{""file"": ""IMG_20261009_165705_1.jpg"", ""distance256"": 96}",visually-inspected-contact-sheet-and-selected-details,[],"[""bacon-slices""]",[],,,
colo 0.zip,colo 0/IMG_20261009_171457.jpg,IMG_20261009_171457.jpg,cfee0961389eb357f44f9e3c686aec0cebdcf6bf402c823230290c3356dd92bb,3579817,"[4160, 3120]",new-photo,[],,"{""file"": ""IMG_20261009_165229.jpg"", ""distance256"": 90}",visually-inspected-contact-sheet-and-selected-details,[],"[""res-molida""]",[],,,
colo 0.zip,colo 0/IMG_20261009_171500.jpg,IMG_20261009_171500.jpg,874069dee97dd572200846437feaddd607c999dab5d8c3eebe9276db2bd1f457,3400477,"[4160, 3120]",new-photo,[],,"{""file"": ""IMG_20261009_165638_1.jpg"", ""distance256"": 89}",visually-inspected-contact-sheet-and-selected-details,[],"[""res-molida""]",[],,,
colo 0.zip,colo 0/IMG_20261009_171506.jpg,IMG_20261009_171506.jpg,25eafe788aff40333725e0171976faaa30c7cc255e0c4d93bb897c1047e79ec4,3406204,"[4160, 3120]",new-photo,[],,"{""file"": ""IMG_20261009_165853_1.jpg"", ""distance256"": 98}",visually-inspected-contact-sheet-and-selected-details,[],"[""bacon-slices""]",[],,,
colo 0.zip,colo 0/IMG_20261009_171512.jpg,IMG_20261009_171512.jpg,e0c99e7cf3e09c5dd3c2d0edf9812f8399c2f55ac3dd82106f014e8f135c40c3,3043363,"[4160, 3120]",new-photo,[],,"{""file"": ""IMG_20261009_165834.jpg"", ""distance256"": 108}",visually-inspected-contact-sheet-and-selected-details,[],"[""bacon-slices""]",[],,,
colo 0.zip,colo 0/IMG_20261009_171517.jpg,IMG_20261009_171517.jpg,46fb676963407de449102699222b4a5d7191c8304cdb9270d0197f2da44553d9,2954345,"[4160, 3120]",new-photo,[],,"{""file"": ""IMG_20261009_165019_1.jpg"", ""distance256"": 106}",visually-inspected-contact-sheet-and-selected-details,[],"[""bacon-slices""]",[],,,
colo 0.zip,colo 0/IMG_20261009_171521.jpg,IMG_20261009_171521.jpg,bc8579b0a3f5c457d46e6d48d4024432ddb2ce37e664bc5174594e7a550fdb88,3059748,"[4160, 3120]",new-photo,[],,"{""file"": ""IMG_20261009_165019_1.jpg"", ""distance256"": 103}",visually-inspected-contact-sheet-and-selected-details,[],"[""bacon-slices""]",[],,,
colo 0.zip,colo 0/IMG_20261009_171529.jpg,IMG_20261009_171529.jpg,1492d3b1f09d854df2174b5b83398ec65e1593db555fe79d2be4edbc1235318e,3029698,"[3120, 4160]",new-photo,[],,"{""file"": ""IMG_20261009_165956.jpg"", ""distance256"": 108}",visually-inspected-contact-sheet-and-selected-details,[],"[""bacon-slices""]",[],,,
colo 0.zip,colo 0/IMG_20261009_171545_1.jpg,IMG_20261009_171545_1.jpg,72db3e6d67e7a7830f541e80d358737a69e547334f24baa1067576cf67452a91,3566155,"[3120, 4160]",new-photo,[],,"{""file"": ""IMG_20261009_165229.jpg"", ""distance256"": 100}",visually-inspected-contact-sheet-and-selected-details,[],"[""roncari-blue"", ""valle-curado"", ""ribera-semicurado"", ""queso-azul-porcion""]",[],,,
colo 0.zip,colo 0/IMG_20261009_171549.jpg,IMG_20261009_171549.jpg,6380abcb6d188805cc3fe9c4a76a9399137bab61344c8be0dd265f995cd51d0d,3316942,"[3120, 4160]",new-photo,[],,"{""file"": ""IMG_20261009_165910.jpg"", ""distance256"": 98}",visually-inspected-contact-sheet-and-selected-details,[],"[""valle-trufa"", ""queso-azul-porcion"", ""queso-vacio-generico""]",[],,,
colo 0.zip,colo 0/IMG_20261009_171552.jpg,IMG_20261009_171552.jpg,c906f9cece01bdfc789c20f0d7476168fccc02308046f5f9b82c5f97280d6950,3214765,"[3120, 4160]",new-photo,[],,"{""file"": ""IMG_20261009_165638_1.jpg"", ""distance256"": 98}",visually-inspected-contact-sheet-and-selected-details,[],"[""queso-vacio-generico""]",[],,,
colo 0.zip,colo 0/IMG_20261009_171556_1.jpg,IMG_20261009_171556_1.jpg,2b5369a31910718114015bfbf21bd177f659a6731ab0ef48937b659a54702508,2781493,"[3120, 4160]",new-photo,[],,"{""file"": ""IMG_20261009_165203.jpg"", ""distance256"": 101}",visually-inspected-contact-sheet-and-selected-details,[],"[""roncari-blue"", ""valle-curado"", ""ribera-semicurado"", ""valle-trufa""]",[],,,
colo 0.zip,colo 0/IMG_20261009_171601_1.jpg,IMG_20261009_171601_1.jpg,57f69e86793cff37a13ab91a2d1ffc729e44f67fbd5adff4601717578ac980a7,3550205,"[3120, 4160]",new-photo,[],,"{""file"": ""IMG_20261009_164921.jpg"", ""distance256"": 99}",visually-inspected-contact-sheet-and-selected-details,[],"[""hollandmar-mozzarella"", ""cello-variety""]",[],,,
colo 0.zip,colo 0/IMG_20261009_171605_1.jpg,IMG_20261009_171605_1.jpg,9d4bc8b8eb020b893942e0107c860f4f3118237535e356687480bea9fcf2850f,3311544,"[3120, 4160]",new-photo,[],,"{""file"": ""IMG_20261009_165247.jpg"", ""distance256"": 103}",visually-inspected-contact-sheet-and-selected-details,[],"[""wapa-chorizo"", ""wapa-butifarra"", ""bravo-mortadela"", ""bravo-jamon-york"", ""bravo-pasta-boca"", ""hollandmar-mozzarella"", ""cello-variety"", ""pate-bandeja"", ""fiambre-lonchas""]",[],,,
colo 0.zip,colo 0/IMG_20261009_171608_1.jpg,IMG_20261009_171608_1.jpg,0cff6e8355a2da83462a1b3e92d213cacc52e3694a233b2ee06a0f43ba381d09,3025462,"[3120, 4160]",new-photo,[],,"{""file"": ""IMG_20261009_165110_1.jpg"", ""distance256"": 100}",visually-inspected-contact-sheet-and-selected-details,[],"[""bravo-jamon-barra"", ""cello-variety"", ""fiambre-lonchas"", ""eltoro-mortadela""]",[],,,
colo 0.zip,colo 0/IMG_20261009_171612.jpg,IMG_20261009_171612.jpg,3d15b3de09fc038ce9389585ae02627f47173fb5305abb23dc9d41095b344284,3331998,"[3120, 4160]",new-photo,[],,"{""file"": ""IMG_20261009_165211.jpg"", ""distance256"": 104}",visually-inspected-contact-sheet-and-selected-details,[],"[""bravo-jamon-cocido"", ""bravo-salami"", ""bravo-bacon-bloque""]",[],,,
colo 0.zip,colo 0/IMG_20261009_171614_1.jpg,IMG_20261009_171614_1.jpg,664392746aad45a5d00b9737999a489f150659a8416c5584c7ca8b3d4f2f8cb6,3328900,"[3120, 4160]",new-photo,[],,"{""file"": ""IMG_20261009_164901.jpg"", ""distance256"": 108}",visually-inspected-contact-sheet-and-selected-details,[],"[""bravo-jamon-barra"", ""bravo-salami"", ""bravo-bacon-bloque""]",[],,,
colo 0.zip,colo 0/IMG_20261009_171616_1.jpg,IMG_20261009_171616_1.jpg,f1caac65d6402ad0f97a9684476ead62eee6c76b90ecfdc7a82ef54d3e608a8f,3235541,"[3120, 4160]",new-photo,[],,"{""file"": ""IMG_20261009_165211.jpg"", ""distance256"": 104}",visually-inspected-contact-sheet-and-selected-details,[],"[""bravo-jamon-cocido"", ""bravo-pasta-boca"", ""eltoro-mortadela""]",[],,,
colo 0.zip,colo 0/IMG_20261009_171622.jpg,IMG_20261009_171622.jpg,b9f2152ad9753adc747f3c89f10af4e15d2a4aa49a194bba16c910abd9f0ee53,3715735,"[4160, 3120]",new-photo,[],,"{""file"": ""IMG_20261009_164949_1.jpg"", ""distance256"": 98}",visually-inspected-contact-sheet-and-selected-details,"[""happyone-adulto""]",[],[],,,
colo 0.zip,colo 0/IMG_20261009_171627.jpg,IMG_20261009_171627.jpg,ff6d93fa4a8bd567cfdd6c3579d578c8e8c1fab5778e46d593509af28ed4b317,2841293,"[3120, 4160]",new-photo,[],,"{""file"": ""IMG_20261009_164905_1.jpg"", ""distance256"": 97}",visually-inspected-contact-sheet-and-selected-details,[],"[""roinat-puppy""]",[],,,
colo 0.zip,colo 0/IMG_20261009_171633.jpg,IMG_20261009_171633.jpg,3e20ede91edc5334623cc925ca7769f66d99fd1e21eb8b44e4255c7a28d6c450,3105604,"[3120, 4160]",previous-photo-reencoded,[],,"{""file"": ""IMG_20261009_171633.jpg"", ""distance256"": 1}",prior-inspection-reused,"[""happyone-adulto""]",[],[],same filename plus 256-bit difference hash distance <=8 against inspected optimized source; binary content differs due to resize/reencoding,,
colo 3.zip,colo 3/IMG_20261009_164901.jpg,IMG_20261009_164901.jpg,8b15e5135855d33c1059851ce262c9b91f21c91e83d0d3282b6014c6c824fb1c,3399357,"[3120, 4160]",previous-photo-reencoded,,,"{""file"": ""IMG_20261009_164901.jpg"", ""distance256"": 1}",prior-inspection-reused,"[""almendras-chocolate""]",[],[],,61266b81e98fc9efc9eec8fec9e9c9cec1ce80e181ed82c882da82f8813480fc,
colo 3.zip,colo 3/IMG_20261009_164902_1.jpg,IMG_20261009_164902_1.jpg,007d011db56069b393b83332f0dbeaccc01daec6d2fcad4ce22899cf2b32276a,3043995,"[3120, 4160]",previous-photo-reencoded,,,"{""file"": ""IMG_20261009_164902_1.jpg"", ""distance256"": 0}",prior-inspection-reused,"[""pasas-chocolate""]",[],[],,667a067f06cfc7dfdf7f9e7fbc7db67db67d3cff7effbdffbfefb3e7afe7fe07,
colo 3.zip,colo 3/IMG_20261009_164905_1.jpg,IMG_20261009_164905_1.jpg,20bacea06fe5d1df7d7d030b78de903e4014c47707c4609a036e8a7b8087afc1,3012429,"[3120, 4160]",previous-photo-reencoded,,,"{""file"": ""IMG_20261009_164905_1.jpg"", ""distance256"": 0}",prior-inspection-reused,"[""pobeda-madagascar"", ""pobeda-ecuador"", ""pobeda-cote-ivoire""]",[],[],,f83f8c3f0e7b9eff94bf9bbf17bf13bf2b9e331c039f817f219f339f53f95dff,
colo 3.zip,colo 3/IMG_20261009_164907_1.jpg,IMG_20261009_164907_1.jpg,c738322df37d1e6508c7f0d2961b51f20931e31a2e480dc535f2bb52dac8bf68,2479914,"[3120, 4160]",previous-photo-reencoded,,,"{""file"": ""IMG_20261009_164907_1.jpg"", ""distance256"": 5}",prior-inspection-reused,"[""lacasa-menta""]",[],[],,4c380db00f398d398de189a109992ba83bc83b407a007b007b00fb00f8f2f874,
colo 3.zip,colo 3/IMG_20261009_164913_1.jpg,IMG_20261009_164913_1.jpg,71fd0ec39e2de3d5f5751f1208d3fffb1970802a4b8dc46b6e21ebece66a8f72,2761558,"[3120, 4160]",previous-photo-reencoded,,,"{""file"": ""IMG_20261009_164913_1.jpg"", ""distance256"": 1}",prior-inspection-reused,"[""bentons-fresa"", ""bentons-arandano""]",[],[],,01460e1e0d0e030348f06c6634606ca2d0a098a08218223e201c601060007b00,
colo 3.zip,colo 3/IMG_20261009_164915_1.jpg,IMG_20261009_164915_1.jpg,d51a7047372269d012718923d1d1ef1cbd820dbd600e486c56718820f3ae270a,2505949,"[3120, 4160]",previous-photo-reencoded,,,"{""file"": ""IMG_20261009_164915_1.jpg"", ""distance256"": 1}",prior-inspection-reused,"[""choceur-cups""]",[],[],,03330b8b2f2b259761b7637b82738671b4dbe44bf0273c3b3f1378013001a001,
colo 3.zip,colo 3/IMG_20261009_164918_1.jpg,IMG_20261009_164918_1.jpg,6592c07539ad28f32d92e8fe79469c800e6c23c0048e64818b95183b12f842cf,2719326,"[3120, 4160]",previous-photo-reencoded,,,"{""file"": ""IMG_20261009_164918_1.jpg"", ""distance256"": 0}",prior-inspection-reused,"[""mounds""]",[],"[""mms""]",,3e043838303a0403cc01c0014f437503d79dd719c458f180f700f000e008f000,
colo 3.zip,colo 3/IMG_20261009_164921.jpg,IMG_20261009_164921.jpg,2a81c11d423ccdf7d8d24811f00cfc0234373cc240007d22cc82c54755ab656b,2757303,"[3120, 4160]",previous-photo-reencoded,,,"{""file"": ""IMG_20261009_164921.jpg"", ""distance256"": 0}",prior-inspection-reused,"[""milky-way""]",[],"[""snickers""]",,e080e04ae042e003e221c6034606440cc689c089c18481008100810081000100,
colo 3.zip,colo 3/IMG_20261009_164927_1.jpg,IMG_20261009_164927_1.jpg,29358fde113575289d8a9f286ffe2999500b298b3103d53227c826a924555920,3519248,"[3120, 4160]",previous-photo-reencoded,,,"{""file"": ""IMG_20261009_164927_1.jpg"", ""distance256"": 2}",prior-inspection-reused,"[""papel-excelencia""]",[],[],,a902a082db22c26234e07c78d9a9cdb7e79fe7975863cd77e737ef3ef8cef43e,
colo 3.zip,colo 3/IMG_20261009_164933.jpg,IMG_20261009_164933.jpg,8f0a11c7cbd6191b75cd10786ebfb5ba2696900a039f6b046c342668f826cc87,3520655,"[3120, 4160]",previous-photo-reencoded,,,"{""file"": ""IMG_20261009_164933.jpg"", ""distance256"": 1}",prior-inspection-reused,"[""members-pacs""]",[],[],,33263726ffe62f808d21c444c072b2ccf93cf876b8e69ce460840084fa84afc4,
colo 3.zip,colo 3/IMG_20261009_164936_1.jpg,IMG_20261009_164936_1.jpg,878c53e97b078e3525aa419f9dc24b35e8a57a635edf95d614b20507bfdc42f4,3343171,"[3120, 4160]",previous-photo-reencoded,,,"{""file"": ""IMG_20261009_164936_1.jpg"", ""distance256"": 2}",prior-inspection-reused,"[""tide-spring"", ""gain-original-grande""]",[],[],,90983108a6061025d0f0e0f0f1e4ada4a9c8d98cb0313950c922420283dcff81,
colo 3.zip,colo 3/IMG_20261009_164939.jpg,IMG_20261009_164939.jpg,5415e72c71e7b1d7e9df374fa6100fb2283ea036219de19ea62f3d517bb7df53,3503281,"[3120, 4160]",previous-photo-reencoded,,,"{""file"": ""IMG_20261009_164939.jpg"", ""distance256"": 0}",prior-inspection-reused,"[""tide-oxi""]",[],[],,990099191cf89ff227b227901f0b1f601ac81b949cc11cf39c369edb9b539b00,
colo 3.zip,colo 3/IMG_20261009_164942_1.jpg,IMG_20261009_164942_1.jpg,5c8ab8e7db1e52a0a1597f4efb838e669a2cdf56c29c1a76ea8a74e7c7101ee8,2784977,"[3120, 4160]",previous-photo-reencoded,,,"{""file"": ""IMG_20261009_164942_1.jpg"", ""distance256"": 4}",prior-inspection-reused,[],[],"[""gain-flings-pequeno""]",,dce15cc1b581a5810c068181976e9c7ebc786c980ca09361ffc900c1a381ffa1,
colo 3.zip,colo 3/IMG_20261009_164949_1.jpg,IMG_20261009_164949_1.jpg,6daaeaf04541ad97ba11e2c2470122652468363e0235a00e3b1a1439f065dd4f,2950488,"[4160, 3120]",previous-photo-reencoded,,,"{""file"": ""IMG_20261009_164949_1.jpg"", ""distance256"": 2}",prior-inspection-reused,"[""gain-suavizante""]",[],"[""downy-cool-cotton"", ""tide-simply"", ""gain-ultra-oxi"", ""tide-free-gentle"", ""tide-downy""]",,9d099e4b9e4b9842f70e755275527552750c7393baa39e001f841fee1f079c00,
colo 3.zip,colo 3/IMG_20261009_164957_1.jpg,IMG_20261009_164957_1.jpg,e3012f22a19318f05bd4c8e559653fbed23b408013a3816e14b4790e2dc52aa4,2740813,"[4160, 3120]",previous-photo-reencoded,,,"{""file"": ""IMG_20261009_164957_1.jpg"", ""distance256"": 0}",prior-inspection-reused,"[""magali-mora"", ""snonas-candy"", ""snonas-honey""]",[],"[""magali-coco"", ""snonas-splash""]",,cca8cca8ee462c3a54385639543b5639723d9c397e7c76247ca91c2b9f289f28,
colo 3.zip,colo 3/IMG_20261009_165004.jpg,IMG_20261009_165004.jpg,99ebf8c25c2a6d64c37cded6e1289ae66eaf4e22e7d6426c6c6743fc88aff7a1,3272619,"[4160, 3120]",previous-photo-reencoded,,,"{""file"": ""IMG_20261009_165004.jpg"", ""distance256"": 1}",prior-inspection-reused,"[""dicora-avena"", ""dicora-citrus"", ""snonas-body"", ""snonas-coco-pina""]",[],"[""terrifik""]",,495ee94fe54f34c624dd1e8a2e8c2e983e097e0362439301b7073f16db21e323,
colo 3.zip,colo 3/IMG_20261009_165013_1.jpg,IMG_20261009_165013_1.jpg,e98e995f78a41c4052c7ed1ea608f0185ae212c989dec28c6f3b70b169b7b14b,2794138,"[3120, 4160]",previous-photo-reencoded,,,"{""file"": ""IMG_20261009_165013_1.jpg"", ""distance256"": 0}",prior-inspection-reused,"[""peine-flexys""]",[],[],,e790878c061809e991a5303231da101c901292f21280103c3830303a30303132,
colo 3.zip,colo 3/IMG_20261009_165016_1.jpg,IMG_20261009_165016_1.jpg,cdf3fa7ece2a613335183cb918ce59aca87daf8f58b66d640a50c1c65c72c7af,2877968,"[3120, 4160]",previous-photo-reencoded,,,"{""file"": ""IMG_20261009_165016_1.jpg"", ""distance256"": 1}",prior-inspection-reused,"[""balsamos-paul-frank""]",[],"[""la-salud""]",,09feb0be307c3cad7725559117848ec58f46cf1fcc8fc96fc9fe08d600e7067e,
colo 3.zip,colo 3/IMG_20261009_165019_1.jpg,IMG_20261009_165019_1.jpg,8e2c1e3d068fe409df1c5de0c35005bbd07bee11126fe14664a484961c946d9d,3120900,"[3120, 4160]",previous-photo-reencoded,,,"{""file"": ""IMG_20261009_165019_1.jpg"", ""distance256"": 0}",prior-inspection-reused,"[""ventilador-pure-silk""]",[],[],,fc08fe0b3e8b3cc31cc7cd843b005f003f04be45bec0bc603cc1f938db68e4e1,
colo 3.zip,colo 3/IMG_20261009_165026_1.jpg,IMG_20261009_165026_1.jpg,c179d4a4bb61a2db574ee3ea11483110876db8b4396801bea825b752198760a1,3098230,"[4160, 3120]",previous-photo-reencoded,,,"{""file"": ""IMG_20261009_165026_1.jpg"", ""distance256"": 1}",prior-inspection-reused,"[""nordic-ar"", ""un-n09"", ""ohmy-azul"", ""ohmy-rojo"", ""febreze-luxe""]","[""homebright-verde"", ""homebright-morado""]","[""homebright-verde"", ""homebright-morado"", ""glade"", ""palmolive""]",,daeadac1d2c3dae3db524a154c1548444a4c9d1c98646d642d692e0b26932e93,
colo 3.zip,colo 3/IMG_20261009_165030_1.jpg,IMG_20261009_165030_1.jpg,fa8cf76bbc0e0432f436ef2d68bb49b75de550ee5f9bb6b2dbf5cf1358af15ae,3204348,"[4160, 3120]",new-photo,,,"{""file"": ""IMG_20261009_165222.jpg"", ""distance256"": 101}",visually-inspected-contact-sheet-and-selected-details,[],"[""homebright-verde"", ""homebright-morado"", ""downy-fresh-perlas"", ""downy-lush-perlas""]","[""homebright-verde"", ""homebright-morado""]",,70e7b0f3edc25ed65a9a5aab12ad728572a462a56291648965c9cd8589859785,
colo 3.zip,colo 3/IMG_20261009_165036.jpg,IMG_20261009_165036.jpg,f78d64bab1397db38ededd4d0acc3d54a8bae5f4890f71541f5555e5a895c197,3149467,"[4160, 3120]",previous-photo-reencoded,,,"{""file"": ""IMG_20261009_165036.jpg"", ""distance256"": 1}",prior-inspection-reused,"[""salud-salfuman""]",[],"[""salud-antical-gel""]",,24953191a4d8c6e9cb69c96dc96dc36c836d836463e463d9637566eb26c9bec9,
colo 3.zip,colo 3/IMG_20261009_165039_1.jpg,IMG_20261009_165039_1.jpg,a93706902d95e031053332f48885423987f7434a02ac39c6191938c2d199ef97,3213332,"[4160, 3120]",previous-photo-reencoded,,,"{""file"": ""IMG_20261009_165039_1.jpg"", ""distance256"": 1}",prior-inspection-reused,"[""salud-multiusos"", ""salud-antical-spray""]",[],"[""salud-banos-pino""]",,f437d4245c2c7c593ba6eda6f577ed52f993f300f500e4905c905c9219d860da,
colo 3.zip,colo 3/IMG_20261009_165045.jpg,IMG_20261009_165045.jpg,f39704a0ab9d455a6afb6342adb1ab21e8f2770a3f9306a438073cbe1c16c646,3172654,"[4160, 3120]",previous-photo-reencoded,,,"{""file"": ""IMG_20261009_165045.jpg"", ""distance256"": 0}",prior-inspection-reused,"[""khawla-lavavajillas""]",[],"[""ultra-deluxe-floral"", ""ultra-deluxe-citrus""]",,304634082c88b00076117809f9089c0cdd0c7906930db30e972fdda7349636d6,
colo 3.zip,colo 3/IMG_20261009_165047.jpg,IMG_20261009_165047.jpg,d8baacb04735cd7ad95bd85cfba323f542d5a9f8b2f562351fe8d23414ac4803,2486897,"[4160, 3120]",new-photo,,,"{""file"": ""IMG_20261009_165050_1.jpg"", ""distance256"": 79}",visually-inspected-contact-sheet-and-selected-details,[],[],[],,391285513072c08644c66494669166d126dd26d876e27b627b84d384d3069d82,Foto desenfocada de lavavajillas; no asignar marca variante o precio por inferencia.
colo 3.zip,colo 3/IMG_20261009_165050_1.jpg,IMG_20261009_165050_1.jpg,a1c36ae84595239c52527b62617761d99eabd1ee334fff664da05b963b92fc9e,3218650,"[4160, 3120]",previous-photo-reencoded,,,"{""file"": ""IMG_20261009_165050_1.jpg"", ""distance256"": 0}",prior-inspection-reused,"[""dawn-crisp-lilac""]",[],"[""dawn-watermelon"", ""dawn-tropical""]",,56863f118753a056c2860c866c906c9164916c9d25b17aa15364d304d72697a6,
colo 3.zip,colo 3/IMG_20261009_165055_1.jpg,IMG_20261009_165055_1.jpg,26d5b1b77ce4e8a0ba6fd3ec9ca09b19381d870f1e811a1a82b9e57f6e42a66b,3236318,"[4160, 3120]",previous-photo-reencoded,,,"{""file"": ""IMG_20261009_165055_1.jpg"", ""distance256"": 1}",prior-inspection-reused,"[""lex-wc-limp""]",[],[],,9c02dc03be433e03db07cb55cb41db59cb48da6893683268726c766834b224d2,
colo 3.zip,colo 3/IMG_20261009_165059_1.jpg,IMG_20261009_165059_1.jpg,fe43e4edad4beea29af41840a31caf5f9331a169c05beec3c514aa83aa138c09,3566370,"[4160, 3120]",previous-photo-reencoded,,,"{""file"": ""IMG_20261009_165059_1.jpg"", ""distance256"": 0}",prior-inspection-reused,"[""pano-blanco"", ""pano-amarillo""]",[],[],,5126523271843344f248de5ace52ee6fe67ac67c0578627071a239863986349f,
colo 3.zip,colo 3/IMG_20261009_165106_1.jpg,IMG_20261009_165106_1.jpg,3225b32394b59d18be6344b4d5c4348454d865a78902a1f72a7372c59e197f63,3700641,"[4160, 3120]",previous-photo-reencoded,,,"{""file"": ""IMG_20261009_165106_1.jpg"", ""distance256"": 0}",prior-inspection-reused,"[""nature-cinnamon"", ""nature-spearmint"", ""mical-film""]",[],"[""actoner-mint""]",,4dec4fd45e75924312df12df12df12dd1adb125b13dfd6d9eac96be0c7e1efa3,
colo 3.zip,colo 3/IMG_20261009_165110_1.jpg,IMG_20261009_165110_1.jpg,34abca00c552d09e33bb98ce626db203282d80cb73ba6ac55c8ab46fb52676fc,3026764,"[4160, 3120]",previous-photo-reencoded,,,"{""file"": ""IMG_20261009_165110_1.jpg"", ""distance256"": 2}",prior-inspection-reused,"[""mister-pack-congelacion""]",[],[],,dd994d9b4dc26f4e9d601f31fc53cc43e663fdf0fde0ff30ffc0ffc17fc17fcb,
colo 3.zip,colo 3/IMG_20261009_165114.jpg,IMG_20261009_165114.jpg,4ad3207b695e91a3ec1c37540488087becc45f2db03f0eb9b5377a42af08fdb7,3002778,"[4160, 3120]",previous-photo-reencoded,,,"{""file"": ""IMG_20261009_165114.jpg"", ""distance256"": 1}",prior-inspection-reused,"[""alfa-molinillos""]",[],"[""great-value-inodoro""]",,464f164f166db2f5738036a13e252e2ca62cc62c1e2dfeecb0d6b16777a3fefb,
colo 3.zip,colo 3/IMG_20261009_165120.jpg,IMG_20261009_165120.jpg,ce02dbaf05abaf873e7ef91637a6c8d55f6db59b7dba9c07689d7a18b171a0c4,3890188,"[4160, 3120]",previous-photo-reencoded,,,"{""file"": ""IMG_20261009_165120.jpg"", ""distance256"": 0}",prior-inspection-reused,"[""summers-eve-fresh"", ""vapour-rub""]",[],"[""homebright-bleach""]",,976d197158bddfb7ef9a3e4b76523652065a165b161396728662be43764133cd,
colo 3.zip,colo 3/IMG_20261009_165123_1.jpg,IMG_20261009_165123_1.jpg,95cfacb6ef4139b96982038c996f954f59b21621e264bf3ac2a4d8836a8265ef,2953778,"[4160, 3120]",previous-photo-reencoded,,,"{""file"": ""IMG_20261009_165123_1.jpg"", ""distance256"": 2}",prior-inspection-reused,"[""bastoncillos-grandes"", ""palillos""]",[],"[""bastoncillos-pequenos""]",,5aff7afe5bee1b3f4fb34da37ca5f8a4dae4d6e9b9abb98b79ab67e7e74fff4e,
colo 3.zip,colo 3/IMG_20261009_165128.jpg,IMG_20261009_165128.jpg,86acc737d8a2524907a1fa948bdbf05eee2eaa8ab6cbcfe153e9889f8b738111,2904248,"[4160, 3120]",previous-photo-reencoded,,,"{""file"": ""IMG_20261009_165128.jpg"", ""distance256"": 1}",prior-inspection-reused,"[""truearth-spring"", ""belle-france-antitransfert""]",[],[],,37e4bfe5b3f1f1f38c678d6ff7e3fde36b63ce7beb7bad7b6d3b6d9eed171fe1,
colo 3.zip,colo 3/IMG_20261009_165138.jpg,IMG_20261009_165138.jpg,0ee5745bc4124c0ba959935d005466b9109ae5a9bd9a6cbd6c0e1103e5cc361a,4202957,"[4160, 3120]",previous-photo-reencoded,,,"{""file"": ""IMG_20261009_165138.jpg"", ""distance256"": 0}",prior-inspection-reused,"[""harmony-lemon""]",[],[],,ed712d313c613e713a603c689c748f601f419d53ce692b25be66de715e49decd,
colo 3.zip,colo 3/IMG_20261009_165144.jpg,IMG_20261009_165144.jpg,be5086e150e9d508a6a2118747482caee418fee6fe22b89945edc7c8c4658346,4481066,"[4160, 3120]",previous-photo-reencoded,,,"{""file"": ""IMG_20261009_165144.jpg"", ""distance256"": 4}",prior-inspection-reused,"[""parex-s"", ""parex-m""]",[],[],,adadb3db72d9b8e9b48c9897b1f639d239e1b9e09de11de71de61dce15cea4f6,
colo 3.zip,colo 3/IMG_20261009_165148.jpg,IMG_20261009_165148.jpg,1fe76733c4920a9f68864ace79eb7c235e0fbff69c4eb997e7a8dbaf4704c936,3661737,"[4160, 3120]",previous-photo-reencoded,,,"{""file"": ""IMG_20261009_165148.jpg"", ""distance256"": 0}",prior-inspection-reused,[],[],"[""basura-gato""]",,989588e30341b8f3dcc999cc39cc3dc839c439c0f9e4f9e267c23d811dc539e4,
colo 3.zip,colo 3/IMG_20261009_165150.jpg,IMG_20261009_165150.jpg,610af5ff15364d909ec300eeaf5fe4f43ae666b325336404398a83064a5b83a6,3680362,"[3120, 4160]",previous-photo-reencoded,,,"{""file"": ""IMG_20261009_165150.jpg"", ""distance256"": 0}",prior-inspection-reused,"[""happy-baby-soap""]",[],[],,b2103023318a3188512172b8371dbf34ccb20db4ef3066b44738cd18495b197b,
colo 3.zip,colo 3/IMG_20261009_165157.jpg,IMG_20261009_165157.jpg,43b626ce6157c273744579f94f95e48516f75039ba7c6ab43121c4d687955146,3421051,"[4160, 3120]",previous-photo-reencoded,,,"{""file"": ""IMG_20261009_165157.jpg"", ""distance256"": 0}",prior-inspection-reused,"[""amber-sugar-cookie""]",[],"[""speed-stick-irish"", ""lady-speed-stick"", ""suave-tropical""]",,ff3376131f97eba0ce69c64dd6675666c64d4e4c0e640e4e0ec31f831f870f83,
colo 3.zip,colo 3/IMG_20261009_165200.jpg,IMG_20261009_165200.jpg,f569f81d8304162edf7316d6d0184476383ecb038a5d42f93a9b56ae8775075d,3303284,"[4160, 3120]",previous-photo-reencoded,,,"{""file"": ""IMG_20261009_165200.jpg"", ""distance256"": 2}",prior-inspection-reused,"[""rose-honey"", ""ronza-lemon""]",[],[],,189c31ecb964cc747c846cc46cc46ca4e1a45da47d841dc43de40b1c9a0cc80c,
colo 3.zip,colo 3/IMG_20261009_165203.jpg,IMG_20261009_165203.jpg,fa4a36e26d4f9521c4495c733393fe314772c8795cc3b2f7db8e4848cba892ee,3129727,"[4160, 3120]",previous-photo-reencoded,,,"{""file"": ""IMG_20261009_165203.jpg"", ""distance256"": 2}",prior-inspection-reused,"[""astera-kids""]",[],"[""alident-kids""]",,7cc36c83de23cef8499b09b01d627c677e067e06fe06fe0efe0efc07fc47f467,
colo 3.zip,colo 3/IMG_20261009_165207.jpg,IMG_20261009_165207.jpg,c80216f3a84f17423436956617356d69b21ba9a7cd73acb1ed7b6b3657427065,4085183,"[4160, 3120]",previous-photo-reencoded,,,"{""file"": ""IMG_20261009_165207.jpg"", ""distance256"": 1}",prior-inspection-reused,"[""colgate-advanced"", ""colgate-triple""]",[],[],,b00c980080c40fc49ce094b6843084b284338cb28eb21f921057000301000800,
colo 3.zip,colo 3/IMG_20261009_165211.jpg,IMG_20261009_165211.jpg,5fff6f102e31ac6ce2b31c0f738024d523c768bfba42c4ee2a1cc41604d1270a,2871648,"[4160, 3120]",previous-photo-reencoded,,,"{""file"": ""IMG_20261009_165211.jpg"", ""distance256"": 4}",prior-inspection-reused,[],[],"[""zuecos""]",,3f03ff03fd03f603364f0edf07d733c71dd70edf831efa4ef0e68036a00ecc0e,
colo 3.zip,colo 3/IMG_20261009_165214.jpg,IMG_20261009_165214.jpg,3af47be1f9fa4ea8c2fbb044811c307d86b5393475b4e95c40262cc241a87164,3226973,"[4160, 3120]",previous-photo-reencoded,,,"{""file"": ""IMG_20261009_165214.jpg"", ""distance256"": 4}",prior-inspection-reused,"[""futuro-pitillos-200"", ""veslee-aerosol"", ""tfs-utensilios-3""]",[],[],,c21883598359c767880082048264c2e4c7c4c6ccc4c4c0c4c0dcc00e8082d080,
colo 3.zip,colo 3/IMG_20261009_165219.jpg,IMG_20261009_165219.jpg,364df0f2cdeff57900a983032e4d8741433ddda76736368edff8d4f13fda21f5,3323546,"[4160, 3120]",previous-photo-reencoded,,,"{""file"": ""IMG_20261009_165219.jpg"", ""distance256"": 3}",prior-inspection-reused,"[""hilo-dental""]",[],"[""panuelos""]",,540f4a4fae7ffcdb80e01bee306c216e084a81c285d08790050387818fc39000,
colo 3.zip,colo 3/IMG_20261009_165222.jpg,IMG_20261009_165222.jpg,79a8fb0db8773bdb89d81f2356e4d6b6bbfcd0ece144878503050c9c53ddc280,3269932,"[3120, 4160]",previous-photo-reencoded,,,"{""file"": ""IMG_20261009_165222.jpg"", ""distance256"": 3}",prior-inspection-reused,"[""durian-cepillos-5""]",[],[],,8de105e265c14f84fb9363a7734e328e728ff68ff060f170e07400000000a78e,
colo 3.zip,colo 3/IMG_20261009_165227.jpg,IMG_20261009_165227.jpg,35e7a1be4949454048bba4699874a3f979ecde9d12f4c7ee839359814a650d69,3679932,"[4160, 3120]",previous-photo-reencoded,,,"{""file"": ""IMG_20261009_165227.jpg"", ""distance256"": 0}",prior-inspection-reused,"[""magali-avena""]",[],"[""magali-dermo"", ""magali-ambar"", ""magali-frutos-rojos"", ""multi-surface-wipes"", ""homebright-wipes""]",,01a800cd03fe3f637d4975416d4d754d754d754d754d155d015d000d02056300,
colo 3.zip,colo 3/IMG_20261009_165229.jpg,IMG_20261009_165229.jpg,b1ed56af0b4d3e44812e8d272869c1f83a982b3bfb6f1313ea16d3b5bd1f540b,3667753,"[4160, 3120]",previous-photo-reencoded,,,"{""file"": ""IMG_20261009_165229.jpg"", ""distance256"": 1}",prior-inspection-reused,[],[],[],,00d440df03f93f637d22352235267524752476263d6e2d6c016c800e8204e300,Toma revisada; asociación exacta a ficha pendiente. No implica producto ausente.
colo 3.zip,colo 3/IMG_20261009_165236.jpg,IMG_20261009_165236.jpg,d34603f303723013cd59595c9f54610cf1e08d25cefdda8e1deea8d836b1a4c9,3641542,"[4160, 3120]",previous-photo-reencoded,,,"{""file"": ""IMG_20261009_165236.jpg"", ""distance256"": 0}",prior-inspection-reused,"[""personal-care-afeitar"", ""xtracare-afeitar""]",[],"[""viking-active"", ""tango-rojo"", ""crest-scope-drops""]",,c19580cd02bb0bf20f317d314d650d2d0d6d0d2c0d4d0d4505cc33f007fc8008,
colo 3.zip,colo 3/IMG_20261009_165242.jpg,IMG_20261009_165242.jpg,a853491bce8f097a0a60d3ea0b170e8081c02e241ebcbcd05995e6f8ac78db4f,2867551,"[3120, 4160]",previous-photo-reencoded,,,"{""file"": ""IMG_20261009_165242.jpg"", ""distance256"": 1}",prior-inspection-reused,"[""viking-sensitive"", ""tango-verde""]",[],"[""tango-azul""]",,f918e958c1904d2449249b663d66351550561a520af780200ffc0dec0de421f0,
colo 3.zip,colo 3/IMG_20261009_165247.jpg,IMG_20261009_165247.jpg,4c8c1c708e6368f80d7b9256b6871a1c3df855e124272e0d62d53d952dd8dfd7,3599452,"[4160, 3120]",previous-photo-reencoded,,,"{""file"": ""IMG_20261009_165247.jpg"", ""distance256"": 1}",prior-inspection-reused,"[""febreze-plug"", ""stinky-bowl-citrus"", ""luv-fresh-tropic""]",[],"[""luv-citrus""]",,b9b1fd90f570f301ff41d968c969e940dbc0dbe0fb60fce8fc4cfe1cf61cfe0c,
colo 3.zip,colo 3/IMG_20261009_165257.jpg,IMG_20261009_165257.jpg,5ac5e68b5fbb4e359dd59964efa55c926e01f8f6603fd9a214a531bb4b2475db,3280344,"[4160, 3120]",previous-photo-reencoded,,,"{""file"": ""IMG_20261009_165257.jpg"", ""distance256"": 1}",prior-inspection-reused,"[""suavitel-hojas"", ""pure-silk-mini""]",[],[],,906609b66bb6fff1f0f1f2e070c170e1f4e1f279f239e239f2b9719173033f02,
colo 3.zip,colo 3/IMG_20261009_165303.jpg,IMG_20261009_165303.jpg,8da8e7b5681705548ad56935273e9d8c2144ee4657aaea7b9b5247846bdc0c54,3024765,"[4160, 3120]",previous-photo-reencoded,,,"{""file"": ""IMG_20261009_165303.jpg"", ""distance256"": 0}",prior-inspection-reused,"[""nevada-strawberry""]",[],"[""nevada-papaya"", ""esponjas""]",,7fccff847f0e627ced64fd4279123b017b316320c321d7613dde009f31003840,
colo 3.zip,colo 3/IMG_20261009_165309.jpg,IMG_20261009_165309.jpg,448678b87a03ba934722b9f10687f8b44ec24a04dff79addb040e1932fe47bf8,2826064,"[4160, 3120]",previous-photo-reencoded,,,"{""file"": ""IMG_20261009_165309.jpg"", ""distance256"": 1}",prior-inspection-reused,[],[],"[""rollos-hogar""]",,fe40ff80ff907cd0b70af702d7a35eb33e7396279e277f37ff27ff03ff03ff02,
colo 3.zip,colo 3/IMG_20261009_165313.jpg,IMG_20261009_165313.jpg,fbc19c0f89dbf2b0d2ebfe8313c3e197fe87cb688f6ffac3ea779519e72f4109,3001725,"[3120, 4160]",previous-photo-reencoded,,,"{""file"": ""IMG_20261009_165313.jpg"", ""distance256"": 0}",prior-inspection-reused,[],[],"[""acolchado-beige""]",,7f5a1eddf324f3a4f268e3a992a39b2689c4c9dc5d9906788e5c0ec0dfc0dfc0,
colo 3.zip,colo 3/IMG_20261009_165321.jpg,IMG_20261009_165321.jpg,d9abf2a31553d2ff1a320ff21b60f8e27495d1f27d1745bbd670606c068da1fd,2749520,"[4160, 3120]",previous-photo-reencoded,,,"{""file"": ""IMG_20261009_165321.jpg"", ""distance256"": 4}",prior-inspection-reused,[],[],"[""sandalias""]",,f700fb20fb10f920f810e668e648ce4ccd8c6d1877213f413d007c00bd04990c,
colo 3.zip,colo 3/IMG_20261009_165328.jpg,IMG_20261009_165328.jpg,ac758af2c1a9b4dd6a79b141b2ccc47eed30fdce92725a8b7ab2e590379e94c6,3533382,"[4160, 3120]",previous-photo-reencoded,,,"{""file"": ""IMG_20261009_165328.jpg"", ""distance256"": 1}",prior-inspection-reused,"[""goraw-chili-lime""]",[],"[""goraw-sunflower"", ""goraw-pumpkin""]",,b57c845cc69cc8f2e7fdf390f1d2f1d2719c61bcebd86bd95df9c5dfc3fff27f,
colo 3.zip,colo 3/IMG_20261009_165333.jpg,IMG_20261009_165333.jpg,eceb0fe4a6747db649477c3c17d1e8dfdc2d0349766a1ba87a643f84fdc6bacb,3315894,"[4160, 3120]",previous-photo-reencoded,,,"{""file"": ""IMG_20261009_165333.jpg"", ""distance256"": 2}",prior-inspection-reused,"[""aldi-gummy-worms"", ""sour-punch-banana""]",[],"[""aldi-sharks"", ""sour-punch-verde""]",,b1f8f3b9f9ceff6c6f50e7f463c1b3d173d1fb5a9f56bdd63ed038f137eb36fb,
colo 3.zip,colo 3/IMG_20261009_165337.jpg,IMG_20261009_165337.jpg,30689a5087a5a83ae6c439704cacd70d08f01655cb672ad86fbbd6ae3e35ad20,3540721,"[4160, 3120]",previous-photo-reencoded,,,"{""file"": ""IMG_20261009_165337.jpg"", ""distance256"": 1}",prior-inspection-reused,"[""actii-butter-lovers""]",[],[],,db18fa50fe5abe20ef666d726f6a7552f9e0fd87fe3fbffebfefbfff7fef1dff,
colo 3.zip,colo 3/IMG_20261009_165341.jpg,IMG_20261009_165341.jpg,f41688f8065d5362ca8e44f7735d587845bdf3e2ef28e38f32bea426118903e2,3027175,"[3120, 4160]",previous-photo-reencoded,,,"{""file"": ""IMG_20261009_165341.jpg"", ""distance256"": 0}",prior-inspection-reused,"[""dove-pudding""]",[],"[""sonic-pudding""]",,0e800c700f434e464ff3cfe15ff49fe49b509f88bf38bfa0bb80b99823822668,
colo 3.zip,colo 3/IMG_20261009_165345.jpg,IMG_20261009_165345.jpg,8d3a5e363c3343f7c1a5ef0f5bd5fbe0435562550aecde3008434a98f0c738ee,3615218,"[3120, 4160]",previous-photo-reencoded,,,"{""file"": ""IMG_20261009_165345.jpg"", ""distance256"": 2}",prior-inspection-reused,"[""boom-frutos-rojos""]",[],"[""boom-uva""]",,f81fe000ffff6746ed5afd386d586f4867427d287c722e983e8e78cd18e920fb,
colo 3.zip,colo 3/IMG_20261009_165347.jpg,IMG_20261009_165347.jpg,7359855688d6b5bc62e0613fe4514fd3968ed8ac32f576f561de23388e89c709,3417373,"[3120, 4160]",previous-photo-reencoded,,,"{""file"": ""IMG_20261009_165347.jpg"", ""distance256"": 2}",prior-inspection-reused,"[""macrofood-pina""]",[],"[""macrofood-naranja""]",,edf107f080727f6040dc72c87e644e584e464c46726472f83fc817f03f9903b9,
colo 3.zip,colo 3/IMG_20261009_165353.jpg,IMG_20261009_165353.jpg,e8e4f93704764b7506191b110ffa5574b71258b6436581b1416546b8cf59ca67,4221350,"[4160, 3120]",previous-photo-reencoded,,,"{""file"": ""IMG_20261009_165353.jpg"", ""distance256"": 2}",prior-inspection-reused,"[""oli-pina""]",[],"[""oli-uva"", ""oli-lemon"", ""oli-tutti""]",,fcf834fc65fc8308f90a99b09c88decedcca99b2c88ad9aae58ec9bbec8aff40,
colo 3.zip,colo 3/IMG_20261009_165401.jpg,IMG_20261009_165401.jpg,225f7a65b3a705c83381bc23355244b68674f74d0302c18904f96de455f69644,3902733,"[4160, 3120]",previous-photo-reencoded,,,"{""file"": ""IMG_20261009_165401.jpg"", ""distance256"": 1}",prior-inspection-reused,"[""quaker-granola"", ""kirkland-cashew-clusters"", ""nutrail-cinnamon"", ""purely-cookie-granola""]",[],"[""granola-amarilla""]",,e38869c96cc87c083293326fd64dd26cd84ca8e8f86a796effef000f400fee0b,
colo 3.zip,colo 3/IMG_20261009_165407.jpg,IMG_20261009_165407.jpg,7ad905262fb916dd6f547b1350941cf2d972f376665bb10063775b7acce8ae87,3163412,"[4160, 3120]",previous-photo-reencoded,,,"{""file"": ""IMG_20261009_165407.jpg"", ""distance256"": 1}",prior-inspection-reused,"[""jif-creamy"", ""kirkland-peanuts"", ""southern-cocktail"", ""southern-honey""]",[],"[""southern-dry-blue"", ""southern-dry-original""]",,58ef640f780fd60d2e45c7e33b690e4be4c2ff48ff18ff48ff68ff18ffc0ff80,
colo 3.zip,colo 3/IMG_20261009_165412.jpg,IMG_20261009_165412.jpg,1b4d99f31520b74b9affc236f7382a70c0bb513f6e94056e242f711bcc41bfe7,3667891,"[4160, 3120]",previous-photo-reencoded,,,"{""file"": ""IMG_20261009_165412.jpg"", ""distance256"": 2}",prior-inspection-reused,"[""wellsley-peanut-mix"", ""southern-tropical"", ""southern-cajun"", ""southern-indulgent""]",[],[],,ad2c14b91eb91289179cbaa427009118999891985358fb46f688fc0cf80cfc0e,
colo 3.zip,colo 3/IMG_20261009_165423.jpg,IMG_20261009_165423.jpg,bd664746d1a7272984b2260a58b54838a49390abe5f885042fefde7d4e1c610a,4045892,"[4160, 3120]",previous-photo-reencoded,,,"{""file"": ""IMG_20261009_165423.jpg"", ""distance256"": 0}",prior-inspection-reused,"[""gv-cranberry-mix"", ""gv-chocolate-peanut-mix"", ""gv-probiotic-mix""]",[],"[""gv-caramel-mix"", ""gv-honey-mix"", ""gv-omega-mix""]",,cc9c8ca4d600c206405c6b4c2416a5b4b597a592a4b21637c2cac00ee00ee206,
colo 3.zip,colo 3/IMG_20261009_165430.jpg,IMG_20261009_165430.jpg,52e7238cb85fe90170ff385d67a0e80ddd9e0f2bcba0a85a917ed5849bceef1d,4281138,"[4160, 3120]",previous-photo-reencoded,,,"{""file"": ""IMG_20261009_165430.jpg"", ""distance256"": 1}",prior-inspection-reused,"[""members-pistachios"", ""wonderful-pistachios-454"", ""wonderful-pistachios-340"", ""wonderful-pepper""]","[""wonderful-vinegar""]","[""wonderful-pistachios-680"", ""wonderful-vinegar""]",,ccd055c080a3f7fcb584964c926c9264924637863ce266686649c019c40fc007,
colo 3.zip,colo 3/IMG_20261009_165436.jpg,IMG_20261009_165436.jpg,255ce19c3f20290d3d216175724963d863e9660439d90e8e4602fd0c4fa8d142,3851575,"[4160, 3120]",new-photo,,,"{""file"": ""IMG_20261009_164907_1.jpg"", ""distance256"": 86}",visually-inspected-contact-sheet-and-selected-details,[],"[""wonderful-vinegar"", ""wonderful-dill"", ""wonderful-lightly"", ""wonderful-sweetchili"", ""wonderful-pepper-shell"", ""wonderful-roasted-227""]","[""wonderful-vinegar""]",,35a88e03cc3dc9e83f0ceb2c0fac3baecb0afb08732026c0f860f8e0dcf050f0,
colo 3.zip,colo 3/IMG_20261009_165441.jpg,IMG_20261009_165441.jpg,45ca3c44eca0e480dbae76b02a8315933e7a00ee2089343b42597d04233e4df0,4290804,"[4160, 3120]",new-photo,,,"{""file"": ""IMG_20261009_165321.jpg"", ""distance256"": 101}",visually-inspected-contact-sheet-and-selected-details,[],"[""wonderful-lightly"", ""wonderful-sweetchili"", ""wonderful-pepper-shell"", ""wonderful-roasted-227"", ""wonderful-chocolate"", ""southern-pistachios-unsalted""]",[],,dda5caacf9819816d078c7c1380df84dabccab86931b81c820e53e207f00db40,
colo 3.zip,colo 3/IMG_20261009_165446.jpg,IMG_20261009_165446.jpg,ba87d02db93726c7acb643d02333acca3a7dcaa69e0455c4b20719fa106a34d0,3866274,"[4160, 3120]",new-photo,,,"{""file"": ""IMG_20261009_165916.jpg"", ""distance256"": 101}",visually-inspected-contact-sheet-and-selected-details,[],"[""wonderful-chocolate"", ""southern-pistachios-unsalted"", ""southern-pistachios-shelled""]",[],,6d2c6b4d7f44f940924f7ffcf6b69b36db32db339b3a360c31913c013e002c02,
colo 3.zip,colo 3/IMG_20261009_165450.jpg,IMG_20261009_165450.jpg,6a9efbed3538dc606c908ea7fe02a2182f7c1e511028ba51df259c4c25d85511,3820446,"[4160, 3120]",new-photo,,,"{""file"": ""IMG_20261009_165928.jpg"", ""distance256"": 110}",visually-inspected-contact-sheet-and-selected-details,[],"[""southern-pistachios-shelled"", ""gv-bacon-bits"", ""hormel-bacon"", ""kirkland-trail-28""]",[],,6903f01ef4f167c11969b31b9e139313b317b313b39531963316073607763726,
colo 3.zip,colo 3/IMG_20261009_165457.jpg,IMG_20261009_165457.jpg,5d35b2d23aaf4f1848dfd2f56e7caa7d79689f1606c37b4bd20aca665058dcc7,3680446,"[4160, 3120]",new-photo,,,"{""file"": ""IMG_20261009_165207.jpg"", ""distance256"": 94}",visually-inspected-contact-sheet-and-selected-details,[],"[""simply-coconut-oil"", ""natures-coconut-oil"", ""tuscan-caesar"", ""tuscan-italian""]",[],,98a498c1908581bb8cc59cb6adb49c959db48d948d14ad329d3685f083ce83f4,
colo 3.zip,colo 3/IMG_20261009_165501.jpg,IMG_20261009_165501.jpg,2b22294fbc33735271b5b29617e253b84e394c2235f4883ab50d288d8ea84d71,4060788,"[4160, 3120]",new-photo,,,"{""file"": ""IMG_20261009_164942_1.jpg"", ""distance256"": 106}",visually-inspected-contact-sheet-and-selected-details,[],"[""delcampo-lentejas"", ""flakes-bulk""]","[""delcampo-lentejas""]",,2f8563077187e58219409398972093f08711e381e3e2c3c7a3c781e3c9c0c9c0,
colo 3.zip,colo 3/IMG_20261009_165507.jpg,IMG_20261009_165507.jpg,eb85886fc1be72a0f372ee79c2dbc396892ed6f56d05bcc62bdd6e98a9824cc8,3759365,"[4160, 3120]",new-photo,,,"{""file"": ""IMG_20261009_165321.jpg"", ""distance256"": 91}",visually-inspected-contact-sheet-and-selected-details,[],"[""simply-quinoa"", ""simply-flax"", ""organic-coconut-flour""]",[],,8ba0cfa1ffb0de18ce19b6e8e46cae6ceeeccee8ce42d9628d45d45b3858e808,
colo 3.zip,colo 3/IMG_20261009_165512.jpg,IMG_20261009_165512.jpg,4ffda4f2751990acbb3c74b8bb92ed97f008e6c7a12048c4444ea75835a4f708,3727717,"[4160, 3120]",new-photo,,,"{""file"": ""IMG_20261009_165207.jpg"", ""distance256"": 99}",visually-inspected-contact-sheet-and-selected-details,[],"[""southern-mixed-salt"", ""southern-mixed-unsalt"", ""southern-almonds"", ""southern-pumpkin""]",[],,3c441c600850ccd4c477c111c999c9916c9b4c9a2d933d03e0400062303efc34,
colo 3.zip,colo 3/IMG_20261009_165516.jpg,IMG_20261009_165516.jpg,ad29e85e139ba225fcd34bec7711d1eadf1df46f3e9ae143c4af6ddb78c5598d,3657686,"[4160, 3120]",new-photo,,,"{""file"": ""IMG_20261009_165247.jpg"", ""distance256"": 93}",visually-inspected-contact-sheet-and-selected-details,[],"[""southern-pumpkin"", ""southern-cashews-salt"", ""southern-cashews-unsalt"", ""kirkland-cashews"", ""kirkland-almonds""]",[],,318ef380f700c700b7465b6c7b2c3b2cdb6ccb64cb64e970f7b0cffc1f8f3168,
colo 3.zip,colo 3/IMG_20261009_165521.jpg,IMG_20261009_165521.jpg,8d6d455778301d4c594abaa80d68112e1125c29dc2a1e3985600da28f38bf5d9,3377610,"[4160, 3120]",new-photo,,,"{""file"": ""IMG_20261009_165214.jpg"", ""distance256"": 101}",visually-inspected-contact-sheet-and-selected-details,[],"[""kirkland-almonds"", ""jojos-almond"", ""crispy-jalapeno"", ""thatsit-blueberry""]",[],,8033a13381f5c185e185e6c6e8c3eac6ea24e9c8ecc8ecaee1aca3efa73ba4e3,
colo 3.zip,colo 3/IMG_20261009_165526.jpg,IMG_20261009_165526.jpg,5510fabcf2f8bb1c3ae3fc89f8398f9bab01108e410af00afe599cd43b19450e,3513010,"[4160, 3120]",new-photo,,,"{""file"": ""IMG_20261009_165321.jpg"", ""distance256"": 106}",visually-inspected-contact-sheet-and-selected-details,[],"[""millville-oats-honey"", ""millville-darkchocolate"", ""millville-cranberry""]",[],,66363f97739933c23ece324e5c8c5c8c3b4c7b6273237fb03fb0f43c80180010,
colo 3.zip,colo 3/IMG_20261009_165530.jpg,IMG_20261009_165530.jpg,3aacd8ecbf30b5c0f945b8217422c4b7fdbaae49e19c41d833402164b28d6832,4115204,"[4160, 3120]",new-photo,,,"{""file"": ""IMG_20261009_165956.jpg"", ""distance256"": 103}",visually-inspected-contact-sheet-and-selected-details,[],"[""trader-passion"", ""trader-vanilla"", ""trader-maple"", ""trader-salted-honey"", ""bettergoods-granola"", ""gv-protein-granola""]",[],,e80dfe9def196e5c7ead74966494c4b265b0f928f110f818800301bffbdbde57,
colo 3.zip,colo 3/IMG_20261009_165536.jpg,IMG_20261009_165536.jpg,70b05dd82abcd04f8ad342c9590b0cbaff2994e9df23c6e014577bae1328cd95,4196575,"[4160, 3120]",new-photo,,,"{""file"": ""IMG_20261009_165932.jpg"", ""distance256"": 103}",visually-inspected-contact-sheet-and-selected-details,[],"[""trader-passion"", ""trader-vanilla"", ""trader-maple"", ""trader-salted-honey"", ""members-honey-granola"", ""purely-vanilla-granola""]",[],,925cd099f9a38d605e529a939a96ba93ba936ea66564f98000c33f7f7fa4caa5,
colo 3.zip,colo 3/IMG_20261009_165541.jpg,IMG_20261009_165541.jpg,76a7b3f2d6c3b5fc7e59917ab4e049cb57ea99399156d38579bb52162edac075,3985066,"[4160, 3120]",new-photo,,,"{""file"": ""IMG_20261009_165203.jpg"", ""distance256"": 107}",visually-inspected-contact-sheet-and-selected-details,"[""quaker-granola"", ""kirkland-cashew-clusters"", ""nutrail-cinnamon"", ""purely-cookie-granola""]","[""members-honey-granola""]",[],,8431fc729c4884c34d914db08db1cdb16f056b866c1e181e80071fbbf7fcff6c,
colo 3.zip,colo 3/IMG_20261009_165544.jpg,IMG_20261009_165544.jpg,211fdf493548e1791bc3f02bae4c791a024e91885926334242191e5e47180d30,4160055,"[4160, 3120]",new-photo,,,"{""file"": ""IMG_20261009_165313.jpg"", ""distance256"": 106}",visually-inspected-contact-sheet-and-selected-details,"[""quaker-granola"", ""kirkland-cashew-clusters"", ""nutrail-cinnamon""]",[],[],,e398f131f523f18d7335332733a73b27d937d83a91381038003cbf9fb7efff27,
colo 3.zip,colo 3/IMG_20261009_165547_1.jpg,IMG_20261009_165547_1.jpg,ff21c36074a9e4eb0fcfc41bfc8ec317a03659df6777cdaf827c077efa862e84,3067551,"[4160, 3120]",new-photo,,,"{""file"": ""IMG_20261009_165853_1.jpg"", ""distance256"": 91}",visually-inspected-contact-sheet-and-selected-details,"[""jif-creamy"", ""kirkland-peanuts"", ""southern-cocktail"", ""southern-honey""]","[""southern-dry-roasted""]",[],,bc837c80610026007604ee2c2aaa2aaa2aaa2ba62d53fe43fe00ff01fe00fe04,
colo 3.zip,colo 3/IMG_20261009_165551_1.jpg,IMG_20261009_165551_1.jpg,b67c7e4a0e4ee7dfbcbe4b8347f43b98d9176bbd04eae0fbcc05e0d99268f2b4,2645129,"[4160, 3120]",new-photo,,,"{""file"": ""IMG_20261009_165853_1.jpg"", ""distance256"": 83}",visually-inspected-contact-sheet-and-selected-details,"[""jif-creamy"", ""kirkland-peanuts"", ""southern-cocktail"", ""southern-honey""]","[""southern-dry-roasted""]",[],,cd7cfe78fa787c392acbabcfabcaaad7b9cf59d07c90fcd0fcc0fe50fe20f480,
colo2.zip,colo2/IMG_20261009_170237.jpg,IMG_20261009_170237.jpg,33f9a42aa6d3cccf0b4009ed27d122abaa0e7cb2d1bdf550fd139d9595945ca2,3711565,"[4160, 3120]",new-photo,,,"{""file"": ""IMG_20261009_165407.jpg"", ""distance256"": 105}",visually-inspected-contact-sheet-and-selected-details,[],"[""maggi-sazon"", ""carmencita-salrosa"", ""carmencita-sal3"", ""carmencita-pimienta"", ""carmencita-pimientas""]",[],,6903850bc50b8672bc95bf951f559755d555d5559572b57835782f70cb00cb00,
colo2.zip,colo2/IMG_20261009_170241.jpg,IMG_20261009_170241.jpg,a9564e24f3c499356d95144859179776ea725247b506b3ac1e7f1f3e46a54754,4055632,"[4160, 3120]",new-photo,,,"{""file"": ""IMG_20261009_165214.jpg"", ""distance256"": 101}",visually-inspected-contact-sheet-and-selected-details,[],"[""mccormick-montrealchicken"", ""members-redpepper"", ""members-thyme"", ""kitano-basil"", ""danos-original"", ""badia-adobo""]",[],,3319363bde33ff219f4497508d0e992c990c990c6d4064c2c0d2967afc0a9002,
colo2.zip,colo2/IMG_20261009_170250.jpg,IMG_20261009_170250.jpg,1fba0701037452d66d7acc119d9ffdaa383eee0eb1bf68bf6697ec167fc93cd3,3734761,"[3120, 4160]",new-photo,,,"{""file"": ""IMG_20261009_165045.jpg"", ""distance256"": 107}",visually-inspected-contact-sheet-and-selected-details,[],"[""worcestershire-leaperrins"", ""kens-ranch"", ""hot-sauce"", ""italian-dressing"", ""lime-juice"", ""spray-oil"", ""apti-basil""]",[],,406c661ce50c640c6004633e699ee91ce98c608c613d6067e4ceec1d38770a7f,
colo2.zip,colo2/IMG_20261009_170254.jpg,IMG_20261009_170254.jpg,cafb018dfc699b731ca3b47fcc7569091be5195a98456da91756bf6a97868c04,3594826,"[4160, 3120]",new-photo,,,"{""file"": ""IMG_20261009_165913.jpg"", ""distance256"": 96}",visually-inspected-contact-sheet-and-selected-details,[],"[""kingsford-lemon"", ""badia-oregano"", ""amanhecer-parsley"", ""carmencita-marisco"", ""carmencita-bbq"", ""carmencita-picante"", ""carmencita-pollo"", ""apti-basil"", ""carmencita-paella"", ""colonna-ranch"", ""supreme-black-pepper"", ""carmencita-molinillo-pimienta""]",[],,f8cee892ab9289de98d89cdb8c98cc988e12667046615be1db90ff10ff00ff00,
colo2.zip,colo2/IMG_20261009_170257.jpg,IMG_20261009_170257.jpg,c8032ccd93bd567d0fb093ed0c3ca4b9183d8d28186a7ce0ea0fcfd54c2f0171,3439147,"[4160, 3120]",new-photo,,,"{""file"": ""IMG_20261009_165247.jpg"", ""distance256"": 100}",visually-inspected-contact-sheet-and-selected-details,[],"[""kingsford-lemon"", ""badia-oregano"", ""amanhecer-parsley"", ""carmencita-marisco"", ""carmencita-bbq"", ""carmencita-picante"", ""carmencita-pollo""]",[],,1b171f033303b105ff84fc9cfad870b87938d879387338e3f868fe69ff25fc04,
colo2.zip,colo2/IMG_20261009_170303_1.jpg,IMG_20261009_170303_1.jpg,075d2d6192fb76fd1989aec0a4f1e3f2f9effbf2c71a25e4042c6ad4a3a87296,3108641,"[4160, 3120]",new-photo,,,"{""file"": ""IMG_20261009_165144.jpg"", ""distance256"": 102}",visually-inspected-contact-sheet-and-selected-details,[],"[""varveio-balsamico"", ""varveio-manzana"", ""vima-vino-vinagre"", ""milideas-vinagre""]",[],,26d026d536c076c821e405f43ad42af416f415d405e505f785f70f768bec91d6,
colo2.zip,colo2/IMG_20261009_170306_1.jpg,IMG_20261009_170306_1.jpg,0da02ed7e455a88c351062b2278111dde3f5187779d1dd527e39d2daf8e06bf7,3888447,"[4160, 3120]",new-photo,,,"{""file"": ""IMG_20261009_165902.jpg"", ""distance256"": 101}",visually-inspected-contact-sheet-and-selected-details,[],"[""varveio-balsamico"", ""badia-lemon"", ""badia-mojo"", ""badia-naranja"", ""varveio-condimento"", ""carbonell-balsamico"", ""gourmet-vinagre""]",[],,fec8ea93698a59c859c99da1a393a3c3a383a3a18389999cd918de8e5f06fcc6,
colo2.zip,colo2/IMG_20261009_170308_1.jpg,IMG_20261009_170308_1.jpg,3c19ed6b3e7b2d77e049f921e617c986fad054be6adcaf08717ca8841b9939a8,3857732,"[4160, 3120]",new-photo,,,"{""file"": ""IMG_20261009_165059_1.jpg"", ""distance256"": 107}",visually-inspected-contact-sheet-and-selected-details,[],"[""badia-lemon"", ""badia-mojo"", ""badia-naranja"", ""varveio-condimento"", ""carbonell-balsamico"", ""vinagre-blanco""]",[],,7206384e3ac03b6c9bceb8dcf99ef19ff1fff27ef27ce300e30781e8f981d0e7,
colo2.zip,colo2/IMG_20261009_170311_1.jpg,IMG_20261009_170311_1.jpg,a23ba9e7bb03b5bfde7454b6f1bc338b4dcf34b83795bd5bc93f468c11924f37,3315019,"[4160, 3120]",new-photo,,,"{""file"": ""IMG_20261009_164921.jpg"", ""distance256"": 104}",visually-inspected-contact-sheet-and-selected-details,[],"[""hersheys-syrup""]",[],,d3cbc9488908880e86668666966696698729c999cf99ad930932835e87ff8fff,
colo2.zip,colo2/IMG_20261009_170314.jpg,IMG_20261009_170314.jpg,33320ebe627b26454ba99030aaf34264a96f36862e0113680519976e3b73383d,3339392,"[4160, 3120]",new-photo,,,"{""file"": ""IMG_20261009_171633.jpg"", ""distance256"": 105}",visually-inspected-contact-sheet-and-selected-details,[],"[""millville-butter-syrup"", ""millville-lite-syrup"", ""fresco-maple"", ""vanilla-bottle"", ""sirape-bottle"", ""welchs-grape""]",[],,3626b73ef72d7f269bf09b799b79987164f925f025b4a53c342c94208010980c,
colo2.zip,colo2/IMG_20261009_170320_1.jpg,IMG_20261009_170320_1.jpg,e7c01cf43bfc58b1e6a7bbd72ce2838d2be9321c3c37856fb23015250ebddf55,3418658,"[4160, 3120]",new-photo,,,"{""file"": ""IMG_20261009_165935.jpg"", ""distance256"": 100}",visually-inspected-contact-sheet-and-selected-details,[],"[""helios-manzana"", ""helios-ciruela-kiwi"", ""helios-fresa-arandano"", ""mermelada-amarilla"", ""caramel-syrup"", ""pampa-fruit-spread""]",[],,98b1b883b686dd86d9b06f0c690c291c293ed43cd1dcdf94dd90940080000000,
colo2.zip,colo2/IMG_20261009_170330.jpg,IMG_20261009_170330.jpg,4b266ec53b243d173f64ce026609d39222a18ba8a4d2ea770775d2aa0055f467,3474915,"[4160, 3120]",new-photo,,,"{""file"": ""IMG_20261009_164942_1.jpg"", ""distance256"": 104}",visually-inspected-contact-sheet-and-selected-details,[],"[""cafe-frasco"", ""nescafe-small"", ""nescafe-tasters"", ""nescafe-clasico""]",[],,ec8824c6b4e4b21934c71355950f371d3f5a6f293ea836a93b259dd495b294f2,
colo2.zip,colo2/IMG_20261009_170333.jpg,IMG_20261009_170333.jpg,c24714c21efcae7789f8e4b57db361fc1926568ddec3533b768a47eb95be51cf,3760457,"[4160, 3120]",new-photo,,,"{""file"": ""IMG_20261009_165309.jpg"", ""distance256"": 106}",visually-inspected-contact-sheet-and-selected-details,[],"[""cafe-frasco"", ""coffeemate-frascos"", ""coffee-mate-bolsa"", ""splenda-small""]",[],,bc52d932cc925c9356435cabde95d4f654965462e832ea266d3fed6c8e6e5662,
colo2.zip,colo2/IMG_20261009_170336.jpg,IMG_20261009_170336.jpg,f62e7903c666bd64193923c457c21aa942ccd0e04499a903a2ba2afeedcfb832,3770434,"[4160, 3120]",new-photo,,,"{""file"": ""IMG_20261009_165920.jpg"", ""distance256"": 96}",visually-inspected-contact-sheet-and-selected-details,[],"[""coffee-mate-bolsa"", ""coffee-sebraz-250"", ""coffee-sebraz-other"", ""coffee-mcdaniels"", ""coffee-whitener""]",[],,cfcc48f9fd0bd321dbc2d96bd9099902992249c26d915b0c5b487fd37367646a,
colo2.zip,colo2/IMG_20261009_170341.jpg,IMG_20261009_170341.jpg,6d1d1389e678827e634aa1d86e3a05fc7de616dcee4dd899f3f06383e6db7bbd,3658198,"[4160, 3120]",new-photo,,,"{""file"": ""IMG_20261009_165247.jpg"", ""distance256"": 100}",visually-inspected-contact-sheet-and-selected-details,[],"[""coffee-sebraz-250"", ""coffee-dark-bag""]",[],,e392eb98ddace305a313b3037309e309b308b18d930cf31c061d3e3cfc7cfcf8,
colo2.zip,colo2/IMG_20261009_170346_1.jpg,IMG_20261009_170346_1.jpg,af0c04020265015239563b5ac9330fe10633afafae36d9c0f329cad951055d66,3073063,"[4160, 3120]",new-photo,,,"{""file"": ""IMG_20261009_165407.jpg"", ""distance256"": 108}",visually-inspected-contact-sheet-and-selected-details,[],"[""nesquik-choco-tin"", ""nesquik-straw-tin""]",[],,f1ccc29dc691b521aa31aa1b2a192a092b28e738e730f730733d7b346f306db6,
colo2.zip,colo2/IMG_20261009_170351.jpg,IMG_20261009_170351.jpg,03c556d929e86ff8c86bc19ac3573e2c19b1cf61fc917bacda4a6187eaa02146,4276306,"[4160, 3120]",new-photo,,,"{""file"": ""IMG_20261009_165203.jpg"", ""distance256"": 107}",visually-inspected-contact-sheet-and-selected-details,[],"[""colacao-original"", ""colacao-turbo"", ""nesquik-choco-bag""]",[],,edc2edc447616969fb48c14aa84adc0f9c2c3b0e8c6ef86d704e386639032b3f,
colo2.zip,colo2/IMG_20261009_170358.jpg,IMG_20261009_170358.jpg,e6d82d4ef50d90e8878e2c96790ccd930fb2b17142ad6d6e84438fde2e395025,3838991,"[4160, 3120]",new-photo,,,"{""file"": ""IMG_20261009_165345.jpg"", ""distance256"": 107}",visually-inspected-contact-sheet-and-selected-details,[],"[""chocolisto-choco"", ""chocolisto-straw"", ""cacao-black""]",[],,273a39aad9bcc8d4c8536d52ec50a368d751f4536077b0e5f8feb87bb87db07c,
colo2.zip,colo2/IMG_20261009_170402.jpg,IMG_20261009_170402.jpg,9401ee203229d9145e4974e5027f6282e3bb2c3dad9e27b3bc538e468ed72111,3856643,"[4160, 3120]",new-photo,,,"{""file"": ""IMG_20261009_164918_1.jpg"", ""distance256"": 101}",visually-inspected-contact-sheet-and-selected-details,[],"[""chocolisto-choco"", ""cacao-black"", ""cacao-brown""]",[],,da48fac8dcc84f40cc48cc68c96ce327c3b4c794c69cd798cf186b587f487fa8,
colo2.zip,colo2/IMG_20261009_170404.jpg,IMG_20261009_170404.jpg,2b15e390f65851cfb2c76ec86227d0d145bf77d609c2a175259279921f396c1a,3920366,"[4160, 3120]",new-photo,,,"{""file"": ""IMG_20261009_165853_1.jpg"", ""distance256"": 106}",visually-inspected-contact-sheet-and-selected-details,[],"[""te-limon"", ""te-manzanilla"", ""te-hierbabuena""]",[],,e8ee258cc804a8871323a6a353e119e1193158b4b9cc18da3e623cfc3ce0f820,
colo2.zip,colo2/IMG_20261009_170406_1.jpg,IMG_20261009_170406_1.jpg,941995ca77addd61aaebfc45afaa029b00b9de1470520e1bc57f03ea7bd52c7d,4051471,"[4160, 3120]",new-photo,,,"{""file"": ""IMG_20261009_165148.jpg"", ""distance256"": 106}",visually-inspected-contact-sheet-and-selected-details,[],"[""te-manzanilla-jengibre"", ""te-manzanilla-arandano"", ""vima-albondigas-lata""]",[],,138b8c0bdd53cb51e279078193809bc4b1c7b9c6f946ee06e7c6dacfda594cbc,
colo2.zip,colo2/IMG_20261009_170410_1.jpg,IMG_20261009_170410_1.jpg,904ff0269916640b5c41b2c4a7f83e5294e0e6e4c488790c500cdf94e319a885,3253319,"[4160, 3120]",new-photo,,,"{""file"": ""IMG_20261009_165059_1.jpg"", ""distance256"": 99}",visually-inspected-contact-sheet-and-selected-details,[],"[""vima-albondigas-lata"", ""plumrose-lata"", ""novo-lata""]",[],,aa09e207910fb0e0c7c8de31fa037e1d66cbe61dc6ecc6faf1f0f1b3b39ebb8e,
colo2.zip,colo2/IMG_20261009_170417.jpg,IMG_20261009_170417.jpg,e23067faa6266f2ee51743b7a1ff09df2502f9fbe18adffe9c8db415c06f48b1,3452575,"[4160, 3120]",new-photo,,,"{""file"": ""IMG_20261009_165407.jpg"", ""distance256"": 97}",visually-inspected-contact-sheet-and-selected-details,[],"[""peanut-cookies-18"", ""trasto-rollos"", ""candy-green-bottle""]",[],,3a3378216d097539727928f31aa756bfcadfc8eef6ced60cdf0cdf00ff00fe00,
colo2.zip,colo2/IMG_20261009_170421.jpg,IMG_20261009_170421.jpg,a12b6c6d8ca0573fcd69adbd7948977522e182c2a8267d3f8cc8d43298be47f1,2873472,"[4160, 3120]",new-photo,,,"{""file"": ""IMG_20261009_165627_1.jpg"", ""distance256"": 102}",visually-inspected-contact-sheet-and-selected-details,[],"[""britannia-biscafe"", ""gourmet-double""]",[],,9dc2e68987d981d381c301bb078d035903a91a859b8c8e85ce83ced5c715ef45,
colo2.zip,colo2/IMG_20261009_170428_1.jpg,IMG_20261009_170428_1.jpg,04dab180324e6c286883660a7c6fbb20cefc17ac8d2f7bc0a49db3b87996f648,2777034,"[4160, 3120]",new-photo,,,"{""file"": ""IMG_20261009_165144.jpg"", ""distance256"": 104}",visually-inspected-contact-sheet-and-selected-details,[],"[""gourmet-double""]",[],,83cc12cf3d1f758e71e4f4e4b2dc33f4b8b1b8d618f9d9d959d44cd44d565156,
colo2.zip,colo2/IMG_20261009_170440_1.jpg,IMG_20261009_170440_1.jpg,b126b7f1c98ab9c230b29b8ce024af2c7e6749299a3780acf72c62bc5189e797,2525468,"[4160, 3120]",new-photo,,,"{""file"": ""IMG_20261009_165214.jpg"", ""distance256"": 98}",visually-inspected-contact-sheet-and-selected-details,[],"[""supremos-packet"", ""ricoss-280""]",[],,04370237831f061f8225c225c2a5c2554d75090d094da2cca34cb320f260f370,
colo2.zip,colo2/IMG_20261009_170447_1.jpg,IMG_20261009_170447_1.jpg,3f5b592ca430473f83bc5e7e50e645381f7fd2622e99aef4e74fafe4b67e049d,2936036,"[3120, 4160]",new-photo,,,"{""file"": ""IMG_20261009_165743_1.jpg"", ""distance256"": 108}",visually-inspected-contact-sheet-and-selected-details,[],"[""fruit-straw-45""]",[],,5e20f420fc30b424f8a6b807984290323039e033f9070b840c65864de0c9f45b,
colo2.zip,colo2/IMG_20261009_170501.jpg,IMG_20261009_170501.jpg,391b8a9114d31109ec2f75aeef919c35309a91696f56a65d8d718221e81567bc,3727587,"[4160, 3120]",new-photo,,,"{""file"": ""IMG_20261009_164918_1.jpg"", ""distance256"": 105}",visually-inspected-contact-sheet-and-selected-details,[],"[""supremos-packet"", ""ricoss-280"", ""trident-1350"", ""extra-gum"", ""five-gum""]",[],,3d363cb63437132783278a170e130647845b951393530b0b1b23158d846cc64c,
colo2.zip,colo2/IMG_20261009_170504.jpg,IMG_20261009_170504.jpg,879eaabaa46464654f0b4cb81a3bab55a3934771ab7d15e098b3a223142ede90,3788902,"[4160, 3120]",new-photo,,,"{""file"": ""IMG_20261009_165214.jpg"", ""distance256"": 101}",visually-inspected-contact-sheet-and-selected-details,[],"[""trident-1350"", ""extra-gum"", ""five-gum""]",[],,6c9ec6b1527129d91e599a4d892c8a4dc249c68d8704c330c707c24acc4284da,
colo2.zip,colo2/IMG_20261009_170518.jpg,IMG_20261009_170518.jpg,48a180b458377fb44f8414658f7502453e9cfa27e7c0f817495247c18e2a5c48,3056317,"[4160, 3120]",new-photo,,,"{""file"": ""IMG_20261009_165642_1.jpg"", ""distance256"": 90}",visually-inspected-contact-sheet-and-selected-details,[],"[""bauducco-wafer-straw"", ""bauducco-wafer-choco""]",[],,37073f071f470c1bf68a779865c46cc0bec0fe81df83ff82fe02fe00fe007e00,
colo2.zip,colo2/IMG_20261009_170532.jpg,IMG_20261009_170532.jpg,b750d303e4448c4a822ab0633a49c974ac63029a6e2df45e805d3174c16d48c6,3277572,"[4160, 3120]",new-photo,,,"{""file"": ""IMG_20261009_165705_1.jpg"", ""distance256"": 102}",visually-inspected-contact-sheet-and-selected-details,[],"[""bauducco-maria""]",[],,93f7b005bcd13c503a307b983cc83d6430443e603e78784038501ec002c001f8,
colo2.zip,colo2/IMG_20261009_170540.jpg,IMG_20261009_170540.jpg,707d9b300eb4f75d6e3133042ab388aefbccb4e3205365528b013f2a0696ee1a,3446102,"[4160, 3120]",new-photo,,,"{""file"": ""IMG_20261009_165004.jpg"", ""distance256"": 109}",visually-inspected-contact-sheet-and-selected-details,[],"[""berry-croco"", ""morgin-coconut"", ""quaker-fruitcream""]",[],,5a5a635a2f7a31ca767ab63995a4ae9ff62ae23642b0c22e4f3c8024df04fff2,
colo2.zip,colo2/IMG_20261009_170543_1.jpg,IMG_20261009_170543_1.jpg,6698af3f00e9cad45849c59376d92f72a1e56f32dd9fe930486002138c63742e,3139229,"[4160, 3120]",new-photo,,,"{""file"": ""IMG_20261009_165203.jpg"", ""distance256"": 107}",visually-inspected-contact-sheet-and-selected-details,[],"[""kitkat-minis"", ""cocoa-pebbles-cup"", ""honeybunches-cup"", ""frostedflakes-cup""]",[],,ef9be4d709d73459603861d9eddeecb0dc946d464c56cc529e50dc35e067fc60,
colo2.zip,colo2/IMG_20261009_170548.jpg,IMG_20261009_170548.jpg,1a06b5e7c11a6d9ca23f732ef18229cb9a79b69de5759ac66b83cdbf275b18b0,4223268,"[4160, 3120]",new-photo,,,"{""file"": ""IMG_20261009_165004.jpg"", ""distance256"": 97}",visually-inspected-contact-sheet-and-selected-details,[],"[""frostedflakes-cup"", ""cheerios-cup"", ""ricekrispies-mini"", ""pops-mini"", ""miniwheats-mini""]",[],,8dd78f47314373dfe6396f2c648ce72cc929c96bef63f922bb27bba6bb00f800,
colo2.zip,colo2/IMG_20261009_170550.jpg,IMG_20261009_170550.jpg,0d9ebfdd9b892b5cea972f87c291459f49114d3c34034150350bff7211abc947,3992584,"[4160, 3120]",new-photo,,,"{""file"": ""IMG_20261009_165207.jpg"", ""distance256"": 105}",visually-inspected-contact-sheet-and-selected-details,[],"[""carrs-assortment""]",[],,5a145a7c4b6b5ac018cb1866008e14aaa49accf6c4f6e0d600e649b64366421e,
colo2.zip,colo2/IMG_20261009_170554.jpg,IMG_20261009_170554.jpg,28b728f155232a9ca717dec2818764b2f2acca4053805221b69fc6fb0ce204e8,4374408,"[4160, 3120]",new-photo,,,"{""file"": ""IMG_20261009_164918_1.jpg"", ""distance256"": 100}",visually-inspected-contact-sheet-and-selected-details,[],"[""nerds-clusters"", ""toblerone""]",[],,47e44326e33365301d11a329f229d661f631973dd723f72ff425f039f008c009,
colo2.zip,colo2/IMG_20261009_170556.jpg,IMG_20261009_170556.jpg,2f114bfebf849229666c65b115d3059dc26e3032d31a686fd9a28dfe9f09a165,3554156,"[4160, 3120]",new-photo,,,"{""file"": ""IMG_20261009_165856_1.jpg"", ""distance256"": 100}",visually-inspected-contact-sheet-and-selected-details,[],"[""mms-sharebag"", ""hersheys-nuggets"", ""reeses-bar"", ""reeses-pieces""]",[],,f08e950f9d2f9c36cf96178e6f4c8f088e0a6caef834678f73877204501e5416,
colo2.zip,colo2/IMG_20261009_170600.jpg,IMG_20261009_170600.jpg,598e082855a5b1670b60a03d0d5a85a6cc416f0dcd4f196536651602fcf7139f,3881968,"[4160, 3120]",new-photo,,,"{""file"": ""IMG_20261009_165211.jpg"", ""distance256"": 104}",visually-inspected-contact-sheet-and-selected-details,[],"[""mms-caramel-bag"", ""mms-honey-bag"", ""mms-milk-jar"", ""mms-peanut-jar""]",[],,3e5ad252c6c2f6c033d19913f36bf65b3e5b8e3bfe1ce45cf05e801e15b3daec,
colo2.zip,colo2/IMG_20261009_170603.jpg,IMG_20261009_170603.jpg,8cf6d7d83c1a5be96477e1a00673fc10bd731684e9598088e5504970f2fcf700,3834273,"[4160, 3120]",new-photo,,,"{""file"": ""IMG_20261009_165656.jpg"", ""distance256"": 108}",visually-inspected-contact-sheet-and-selected-details,[],"[""mms-milk-jar"", ""mms-peanut-jar""]",[],,62a573a53f8d0d8134a5b7a9e735e735b735f6a54b8d19adc72dc3a1e371cb39,
colo2.zip,colo2/IMG_20261009_170609.jpg,IMG_20261009_170609.jpg,2c9a63307236e730cd4e0e2908110793a9735dd02ab757560e50a506aeaac53e,3860070,"[4160, 3120]",new-photo,,,"{""file"": ""IMG_20261009_165123_1.jpg"", ""distance256"": 105}",visually-inspected-contact-sheet-and-selected-details,[],"[""bentons-mint-cookies"", ""bentons-original-cookies"", ""bentons-hazelnut"", ""bentons-keylime"", ""bentons-lemon""]",[],,09ecc6ccc498de19ccb38ee7d2664b445b80dd296c317c9e6c49670fa307e44f,
colo2.zip,colo2/IMG_20261009_170614.jpg,IMG_20261009_170614.jpg,66e9b0387f9c6646a0b3990d94f133b0da794c097e3dba0d5b30f333ff930f76,4303741,"[4160, 3120]",new-photo,,,"{""file"": ""IMG_20261009_165203.jpg"", ""distance256"": 104}",visually-inspected-contact-sheet-and-selected-details,[],"[""bentons-keylime"", ""bentons-coconut"", ""members-cookie-thins""]",[],,7948b4f064336ff9fb1919193d197ad9fad9fe06f68f938399c118e687e7986f,
colo2.zip,colo2/IMG_20261009_170618.jpg,IMG_20261009_170618.jpg,893dac4b4bae280fc26c10b95118df2c65fd50166a2c656300a236ebc3ff2422,4189232,"[4160, 3120]",new-photo,,,"{""file"": ""IMG_20261009_165321.jpg"", ""distance256"": 106}",visually-inspected-contact-sheet-and-selected-details,[],"[""members-cookie-thins"", ""milano-double"", ""oreo-snack""]",[],,37263f237b037cc4dcc9fe4bea4be499f5adf585b407f69b6c59195e089ecca7,
colo2.zip,colo2/IMG_20261009_170623.jpg,IMG_20261009_170623.jpg,df682b865644ff026ff19dd8b1e403505c2fe282682d70345b36385a69949ee7,4381014,"[4160, 3120]",new-photo,,,"{""file"": ""IMG_20261009_165019_1.jpg"", ""distance256"": 101}",visually-inspected-contact-sheet-and-selected-details,[],"[""oreo-snack"", ""oreo-choco-box"", ""oreo-chocofill-box"", ""oreo-roll""]",[],,fcc17e45364392638e67de0f934f5336936692169e14198d29db89d03e6c0ce6,
colo2.zip,colo2/IMG_20261009_170626.jpg,IMG_20261009_170626.jpg,731c5cfaa162a96221c303518546fc7cb23aadfaff74d1a04a68e94e66b2ca2e,3679390,"[4160, 3120]",new-photo,,,"{""file"": ""IMG_20261009_165956.jpg"", ""distance256"": 104}",visually-inspected-contact-sheet-and-selected-details,[],"[""oreo-roll""]",[],,65c1478863883bce5fc8fa8dbd9cfaccc54af14ad942e1d292d3e2d3ea99729c,
colo2.zip,colo2/IMG_20261009_170629.jpg,IMG_20261009_170629.jpg,18b7a755a1cb4277cf61a9c38434530f98b546c468f1b24aea54acdc2f154120,4289228,"[4160, 3120]",new-photo,,,"{""file"": ""IMG_20261009_165257.jpg"", ""distance256"": 105}",visually-inspected-contact-sheet-and-selected-details,[],"[""chipsahoy"", ""lotus-biscoff""]",[],,4d9b4cff67686700649374d5f495b493b4c5fe41de53f262f359f299f372e1d3,
colo2.zip,colo2/IMG_20261009_170633.jpg,IMG_20261009_170633.jpg,6f28d355ca61bedbdb63e7e769b7646da7d3dfaa101576b324c23af5b84e9fe9,4030100,"[4160, 3120]",new-photo,,,"{""file"": ""IMG_20261009_165148.jpg"", ""distance256"": 106}",visually-inspected-contact-sheet-and-selected-details,[],"[""lemoncreme-cookie"", ""vanillacreme-cookie"", ""duplex-cookie"", ""vanilla-sandwich""]",[],,de60ca43c641c8501a403ac819cdbb831d3e65b8cf94ad80eb844a0f8f9d8c98,
colo2.zip,colo2/IMG_20261009_170637.jpg,IMG_20261009_170637.jpg,bddb4fde594dd6f7c16959acb767aa8f36cc89813cc71332ef83698ff93d0247,3788351,"[4160, 3120]",new-photo,,,"{""file"": ""IMG_20261009_165840.jpg"", ""distance256"": 103}",visually-inspected-contact-sheet-and-selected-details,[],"[""oatmeal-cookie"", ""chocochip-cookie"", ""almond-windmill""]",[],,0e6a0f6e07aecb86c193f0537b11eb84eb8db79ccfb3635366d1e5913f91ef00,
colo2.zip,colo2/IMG_20261009_170640.jpg,IMG_20261009_170640.jpg,dfa91cc631d9dc90b4b54f61659f6e43d75e1d0c7ca95e4683a9a69cb525a02c,3796073,"[4160, 3120]",new-photo,,,"{""file"": ""IMG_20261009_165200.jpg"", ""distance256"": 104}",visually-inspected-contact-sheet-and-selected-details,[],"[""oatmeal-cookie"", ""chocochip-cookie""]",[],,199b9339173d493de10369413a553cc53dd19fcc9d4c99ccd364be64ce26ce06,
colo2.zip,colo2/IMG_20261009_170642.jpg,IMG_20261009_170642.jpg,6416a694551230a02fbfe434e42610545797932d2337ac57ba9bf107f7ceeeab,4377895,"[4160, 3120]",new-photo,,,"{""file"": ""IMG_20261009_165959.jpg"", ""distance256"": 106}",visually-inspected-contact-sheet-and-selected-details,[],"[""fresko-butter"", ""fresko-cappuccino"", ""fresko-coffee""]",[],,6972e92268a7f6eb52897df119d433dc339ce3996b196b9007580eeb79eb61e9,
colo2.zip,colo2/IMG_20261009_170645.jpg,IMG_20261009_170645.jpg,429b44b9955d763c53633ec1912bdaab9a5c5348e340f23e09a58c4140c6a600,4313172,"[4160, 3120]",new-photo,,,"{""file"": ""IMG_20261009_165705_1.jpg"", ""distance256"": 100}",visually-inspected-contact-sheet-and-selected-details,[],"[""kitkat-16"", ""choco-variety14"", ""cadbury-bar"", ""simply-coconut-clusters""]",[],,a72a4984a5207e83f8248979bc63748c6c189c148e84ff08eec07f81bb20ab22,
colo2.zip,colo2/IMG_20261009_170649.jpg,IMG_20261009_170649.jpg,d49233f8554c3c5121da978f2c238c5f8eecfddbbbbc34e9fd2c1c7b4922f6cc,4975437,"[4160, 3120]",new-photo,,,"{""file"": ""IMG_20261009_165337.jpg"", ""distance256"": 105}",visually-inspected-contact-sheet-and-selected-details,[],"[""choco-variety14"", ""cadbury-bar"", ""simply-coconut-clusters"", ""crepel-bar"", ""todeschini-picapau""]",[],,d4929a58dc50ec99ce1c767849e098c87985cb05cebd3660332499d9ccc95e89,
colo2.zip,colo2/IMG_20261009_170653.jpg,IMG_20261009_170653.jpg,76f6eb11b30fb4b5463da9bc36306f39d7105a817e03d1767c0765bae417b130,4839634,"[4160, 3120]",new-photo,,,"{""file"": ""IMG_20261009_165110_1.jpg"", ""distance256"": 104}",visually-inspected-contact-sheet-and-selected-details,[],"[""todeschini-picapau""]",[],,6549ad405d91680744fefed28b538e43ac72e872ef3be73e3760376d265fe64f,
colo2.zip,colo2/IMG_20261009_170704_1.jpg,IMG_20261009_170704_1.jpg,125f16806b76912570597fbabb5ed660d3bc9ec28670c6e64f4817ebec1a3942,3187305,"[4160, 3120]",new-photo,,,"{""file"": ""IMG_20261009_165916.jpg"", ""distance256"": 102}",visually-inspected-contact-sheet-and-selected-details,[],"[""vima-ensaladilla""]",[],,f566fd26b7079787e727c767f227f307f507c507ad06f187d3875ac158c8cf08,
colo2.zip,colo2/IMG_20261009_170715.jpg,IMG_20261009_170715.jpg,573b6f21b193075841862d5d54bbc8d922d6c1fffa8e7f17b1e0c35ea0fdc27e,3392735,"[4160, 3120]",new-photo,,,"{""file"": ""IMG_20261009_165045.jpg"", ""distance256"": 95}",visually-inspected-contact-sheet-and-selected-details,[],"[""vima-ensaladilla"", ""vima-maiz-frozen""]",[],,338d3b8d03cc430e7f0e7b8b598e6b8a599e7b0f3b2f3b0f7f8f5f8ff1877307,
colo2.zip,colo2/IMG_20261009_170826_1.jpg,IMG_20261009_170826_1.jpg,f6cd76fd31673c64de50b47293afe6425bf8150d040da4207a58c82e007b6211,3301258,"[3120, 4160]",new-photo,,,"{""file"": ""IMG_20261009_165138.jpg"", ""distance256"": 98}",visually-inspected-contact-sheet-and-selected-details,[],"[""vima-maiz-frozen""]",[],,30ee37e235f034b51726166c94669ec69cc69e469e628e609c6498d918c299c2,
colo2.zip,colo2/IMG_20261009_170831.jpg,IMG_20261009_170831.jpg,6f7a57bc436877588ad58f0a0e7e67a7974513320da306675218531253a64cfd,3083518,"[3120, 4160]",new-photo,,,"{""file"": ""IMG_20261009_164921.jpg"", ""distance256"": 96}",visually-inspected-contact-sheet-and-selected-details,[],"[""vima-maiz-frozen""]",[],,e609e703e602e622e6726432f64cfa4cda88f80070007800ec451c3649e2e5e2,
colo2.zip,colo2/IMG_20261009_170834_1.jpg,IMG_20261009_170834_1.jpg,f85714316faf38535a179bd2fa4f27bd37b1bcc2a3023aff90862f62a080945d,3362574,"[3120, 4160]",new-photo,,,"{""file"": ""IMG_20261009_165203.jpg"", ""distance256"": 97}",visually-inspected-contact-sheet-and-selected-details,[],"[""vima-maiz-frozen"", ""dor-coles""]",[],,ccc3cc92dc92ce03ce8aee05fb03f202cf14c757c746cc8ace13f646f216cd66,
colo2.zip,colo2/IMG_20261009_170838.jpg,IMG_20261009_170838.jpg,c9437dcf6c930c1835cc5e7827c8b349cf69f9b46b7bf4f59962ef4ae8f94125,3602960,"[3120, 4160]",new-photo,,,"{""file"": ""IMG_20261009_165913.jpg"", ""distance256"": 102}",visually-inspected-contact-sheet-and-selected-details,[],"[""dor-coles""]",[],,ff06b994b325bb29b115992fdd17dc07dc01dc8bcd9ec9bfd827dc27de44cc04,
colo2.zip,colo2/IMG_20261009_170846.jpg,IMG_20261009_170846.jpg,f5ceb6bff44dca3488c7064c12d6ae1987fcc98edb32c97182a9ab351016501d,3302146,"[3120, 4160]",new-photo,,,"{""file"": ""IMG_20261009_165856_1.jpg"", ""distance256"": 102}",visually-inspected-contact-sheet-and-selected-details,[],"[""cvale-nuggets""]",[],,e15871532dc3c7e9cf618fc38dc3afe3ebcbaf89cc1bcccfeb0fbe0fb18628e6,
colo2.zip,colo2/IMG_20261009_170848.jpg,IMG_20261009_170848.jpg,d24e173924963129ead161e3253dc2b0f36ace8d1c842bc16784ea2fe0a585a3,3148546,"[3120, 4160]",new-photo,,,"{""file"": ""IMG_20261009_165055_1.jpg"", ""distance256"": 108}",visually-inspected-contact-sheet-and-selected-details,[],"[""cvale-nuggets""]",[],,14c4d105d861d82159714971d1f171bb71da31f2325cdfddb073b064ccd034d2,
colo2.zip,colo2/IMG_20261009_170851_1.jpg,IMG_20261009_170851_1.jpg,0bae1bc3936a85f0917f11408c492f6cb58386f9bb004dc7fbd4df033a22d192,2907072,"[3120, 4160]",new-photo,,,"{""file"": ""IMG_20261009_165916.jpg"", ""distance256"": 95}",visually-inspected-contact-sheet-and-selected-details,[],"[""eurofrits-papas""]",[],,eec4ca62c67fe739e781f7c677d27701e622f326df00d9806c006401580058c6,
colo2.zip,colo2/IMG_20261009_170855.jpg,IMG_20261009_170855.jpg,72aea4dc4425b284aed58dc49695183b58e19b3e8d3e8c709d63ab97bdf24e55,3552974,"[4160, 3120]",new-photo,,,"{""file"": ""IMG_20261009_165019_1.jpg"", ""distance256"": 94}",visually-inspected-contact-sheet-and-selected-details,[],"[""eurofrits-papas""]",[],,fc07c0139e839c839e039d039d039e239e139c029c188e909e02810aa17081d9,
colo2.zip,colo2/IMG_20261009_170903_1.jpg,IMG_20261009_170903_1.jpg,a50bc8a13391d470a6b660f18c743a6216189818af6f6710b7323a4b2026463f,3108898,"[3120, 4160]",new-photo,,,"{""file"": ""IMG_20261009_165120.jpg"", ""distance256"": 112}",visually-inspected-contact-sheet-and-selected-details,[],"[""driedapple"", ""takis-fuego"", ""kars-mix""]",[],,cabecd4ec7aca7cfab8b331a0b3c466f464f676f8a3f86718e70867222fe39be,
colo2.zip,colo2/IMG_20261009_170906_1.jpg,IMG_20261009_170906_1.jpg,28b808011799e0289ab0d00cef698ce60fec88f6a9ed9bf537ba14e32acc227f,3692737,"[3120, 4160]",new-photo,,,"{""file"": ""IMG_20261009_164921.jpg"", ""distance256"": 92}",visually-inspected-contact-sheet-and-selected-details,[],"[""takis-fuego"", ""kars-mix""]",[],,e30ae305610584c5e4c3e047e065e065e483c21e83868386f34db34d0119091b,
colo2.zip,colo2/IMG_20261009_170909_1.jpg,IMG_20261009_170909_1.jpg,cedd16fe0b8b5bf01b7598dded652b389eac57dfdf86eba358f0bd14bbfc186d,3293723,"[3120, 4160]",new-photo,,,"{""file"": ""IMG_20261009_165144.jpg"", ""distance256"": 110}",visually-inspected-contact-sheet-and-selected-details,[],"[""driedapple"", ""takis-fuego""]",[],,d3e7a9e772c0d5e9b1ccf0dc63d827c4a4dca4dc94c49365032f679fe71f413f,
colo2.zip,colo2/IMG_20261009_170911_1.jpg,IMG_20261009_170911_1.jpg,cf15f969302917bdf2bad5ccd876afbd91c6facbb35afdc4da81503300d9d954,3144452,"[3120, 4160]",new-photo,,,"{""file"": ""IMG_20261009_165313.jpg"", ""distance256"": 106}",visually-inspected-contact-sheet-and-selected-details,[],"[""driedapple"", ""thatsit-crunch""]",[],,79be7988e9aef0bcf2597263821be274d25ed25ef2dcf2fb979a8f8f8fc3a7fc,
colo2.zip,colo2/IMG_20261009_170930.jpg,IMG_20261009_170930.jpg,e49afe584233a5ff8e693f2cf566e961488921b8cc3a77b2a0b3eeb942801870,2901986,"[4160, 3120]",new-photo,,,"{""file"": ""IMG_20261009_165916.jpg"", ""distance256"": 96}",visually-inspected-contact-sheet-and-selected-details,[],"[""juve-solo-vida"", ""gran-juve-camps""]",[],,06578e168ce206803649d60cd60ace0c4a14ca148ed48cd0fc85f604ec00dc03,
colo2.zip,colo2/IMG_20261009_170941.jpg,IMG_20261009_170941.jpg,3406aa1b554bfa510c02f2160880cf022187fb829866e26fca7889846761ef11,3329586,"[4160, 3120]",new-photo,,,"{""file"": ""IMG_20261009_165824_1.jpg"", ""distance256"": 97}",visually-inspected-contact-sheet-and-selected-details,[],"[""vallformosa-gala-white"", ""vinaesmeralda-sparkling"", ""misting-brut""]",[],,ad34d624747dbdfba35104d074d144c914e954eb54e954e954e864eaacee24a6,
colo2.zip,colo2/IMG_20261009_170943_1.jpg,IMG_20261009_170943_1.jpg,7913e15e256ffe31285598eb2c82405cd01a9c1996ddce75c7ddb7df7d5fd798,3496339,"[4160, 3120]",new-photo,,,"{""file"": ""IMG_20261009_165656.jpg"", ""distance256"": 100}",visually-inspected-contact-sheet-and-selected-details,[],"[""vallformosa-gala-white"", ""vallformosa-gala-rose""]",[],,65b255929590972576d966d964332a07a69b2c0b2c8b66db3ddb4cb344b34693,
colo2.zip,colo2/IMG_20261009_170948_1.jpg,IMG_20261009_170948_1.jpg,8ef4aed8fec84d8e83551c62999e5fc362842e80498c13015d83c9a8135961ed,3242380,"[4160, 3120]",new-photo,,,"{""file"": ""IMG_20261009_165106_1.jpg"", ""distance256"": 102}",visually-inspected-contact-sheet-and-selected-details,[],"[""vallformosa-cava-rose"", ""vallformosa-cava-brut"", ""vallformosa-cava-ice""]",[],,ad8b1e8f4637d4335e4fd2d2d25ad61dd657d255d65b96cad2cad6dad65a12ca,
